asin,location,count
B00004T9UF,ABW,5
B00004T9UF,AFG,1
B00004T9UF,AGO,4
B00004T9UF,AIA,4
B00004T9UF,ALA,4
B00004T9UF,ALB,1
B00004T9UF,AND,1
B00004T9UF,ANT,9
B00004T9UF,ARE,1
B00004T9UF,ARG,12
B00004T9UF,ARM,5
B00004T9UF,ASM,6
B00004T9UF,ATG,3
B00004T9UF,AUS,3
B00004T9UF,AUT,1
B00004T9UF,AZE,4
B00004T9UF,BDI,3
B00004T9UF,BEL,4
B00004T9UF,BEN,2
B00004T9UF,BFA,3
B00004T9UF,BGD,2
B00004T9UF,BGR,1
B00004T9UF,BHR,4
B00004T9UF,BHS,5
B00004T9UF,BIH,4
B00004T9UF,BLM,3
B00004T9UF,BLR,2
B00004T9UF,BLZ,4
B00004T9UF,BMU,1
B00004T9UF,BOL,3
B00004T9UF,BRA,6
B00004T9UF,BRB,2
B00004T9UF,BRN,4
B00004T9UF,BTN,3
B00004T9UF,BWA,4
B00004T9UF,CAF,3
B00004T9UF,CAN,2
B00004T9UF,CHE,3
B00004T9UF,CHL,6
B00004T9UF,CHN,4
B00004T9UF,CIV,4
B00004T9UF,CMR,4
B00004T9UF,COD,4
B00004T9UF,COG,4
B00004T9UF,COK,2
B00004T9UF,COL,3
B00004T9UF,COM,4
B00004T9UF,CPV,1
B00004T9UF,CRI,4
B00004T9UF,CUB,5
B00004T9UF,CYM,1
B00004T9UF,CYP,6
B00004T9UF,CZE,6
B00004T9UF,DEU,2
B00004T9UF,DJI,2
B00004T9UF,DMA,6
B00004T9UF,DNK,3
B00004T9UF,DZA,2
B00004T9UF,ECU,3
B00004T9UF,EGY,3
B00004T9UF,ERI,4
B00004T9UF,ESH,5
B00004T9UF,ESP,3
B00004T9UF,EST,4
B00004T9UF,ETH,1
B00004T9UF,FIN,5
B00004T9UF,FJI,2
B00004T9UF,FLK,3
B00004T9UF,FRA,5
B00004T9UF,FRO,5
B00004T9UF,FSM,7
B00004T9UF,GAB,2
B00004T9UF,GBR,6
B00004T9UF,GEO,3
B00004T9UF,GGY,4
B00004T9UF,GHA,6
B00004T9UF,GIB,3
B00004T9UF,GIN,3
B00004T9UF,GLP,2
B00004T9UF,GMB,1
B00004T9UF,GNB,2
B00004T9UF,GNQ,3
B00004T9UF,GRC,6
B00004T9UF,GRD,4
B00004T9UF,GRL,2
B00004T9UF,GTM,6
B00004T9UF,GUM,8
B00004T9UF,GUY,4
B00004T9UF,HKG,5
B00004T9UF,HND,3
B00004T9UF,HRV,1
B00004T9UF,HTI,6
B00004T9UF,IDN,8
B00004T9UF,IMN,5
B00004T9UF,IND,3
B00004T9UF,IRL,2
B00004T9UF,IRN,4
B00004T9UF,IRQ,4
B00004T9UF,ISL,4
B00004T9UF,ISR,5
B00004T9UF,ITA,2
B00004T9UF,JAM,3
B00004T9UF,JEY,3
B00004T9UF,JOR,8
B00004T9UF,JPN,1
B00004T9UF,KAZ,5
B00004T9UF,KEN,5
B00004T9UF,KGZ,6
B00004T9UF,KHM,3
B00004T9UF,KIR,4
B00004T9UF,KNA,6
B00004T9UF,KOR,2
B00004T9UF,KWT,4
B00004T9UF,LAO,4
B00004T9UF,LBN,3
B00004T9UF,LBR,4
B00004T9UF,LBY,5
B00004T9UF,LCA,3
B00004T9UF,LIE,2
B00004T9UF,LKA,1
B00004T9UF,LSO,7
B00004T9UF,LTU,3
B00004T9UF,LUX,3
B00004T9UF,LVA,3
B00004T9UF,MAC,6
B00004T9UF,MAF,7
B00004T9UF,MAR,3
B00004T9UF,MCO,1
B00004T9UF,MDA,7
B00004T9UF,MDG,6
B00004T9UF,MDV,6
B00004T9UF,MEX,6
B00004T9UF,MHL,3
B00004T9UF,MKD,6
B00004T9UF,MLI,2
B00004T9UF,MLT,4
B00004T9UF,MMR,5
B00004T9UF,MNE,4
B00004T9UF,MNP,9
B00004T9UF,MOZ,2
B00004T9UF,MRT,2
B00004T9UF,MSR,4
B00004T9UF,MTQ,4
B00004T9UF,MUS,2
B00004T9UF,MWI,5
B00004T9UF,MYS,2
B00004T9UF,MYT,5
B00004T9UF,NAM,4
B00004T9UF,NCL,3
B00004T9UF,NER,4
B00004T9UF,NFK,1
B00004T9UF,NGA,3
B00004T9UF,NIC,4
B00004T9UF,NIU,1
B00004T9UF,NLD,6
B00004T9UF,NOR,2
B00004T9UF,NPL,2
B00004T9UF,NRU,5
B00004T9UF,NZL,6
B00004T9UF,OMN,5
B00004T9UF,PAK,5
B00004T9UF,PAN,5
B00004T9UF,PCN,3
B00004T9UF,PER,3
B00004T9UF,PHL,7
B00004T9UF,PLW,2
B00004T9UF,PNG,3
B00004T9UF,POL,6
B00004T9UF,PRI,5
B00004T9UF,PRK,5
B00004T9UF,PRT,9
B00004T9UF,PRY,4
B00004T9UF,PSE,4
B00004T9UF,PYF,3
B00004T9UF,QAT,4
B00004T9UF,REU,2
B00004T9UF,ROU,6
B00004T9UF,RUS,3
B00004T9UF,RWA,3
B00004T9UF,SAU,2
B00004T9UF,SDN,4
B00004T9UF,SEN,6
B00004T9UF,SGP,3
B00004T9UF,SHN,4
B00004T9UF,SJM,4
B00004T9UF,SLB,4
B00004T9UF,SLE,2
B00004T9UF,SLV,6
B00004T9UF,SMR,6
B00004T9UF,SOM,7
B00004T9UF,SPM,4
B00004T9UF,SRB,7
B00004T9UF,STP,4
B00004T9UF,SUR,6
B00004T9UF,SVK,1
B00004T9UF,SVN,4
B00004T9UF,SWE,1
B00004T9UF,SWZ,4
B00004T9UF,SYC,6
B00004T9UF,SYR,3
B00004T9UF,TCA,3
B00004T9UF,TCD,2
B00004T9UF,TGO,5
B00004T9UF,THA,3
B00004T9UF,TJK,3
B00004T9UF,TKL,4
B00004T9UF,TKM,4
B00004T9UF,TLS,3
B00004T9UF,TON,6
B00004T9UF,TTO,2
B00004T9UF,TUN,3
B00004T9UF,TUR,2
B00004T9UF,TUV,14
B00004T9UF,TZA,7
B00004T9UF,UGA,1
B00004T9UF,UKR,2
B00004T9UF,URY,3
B00004T9UF,USA,8
B00004T9UF,UZB,7
B00004T9UF,VAT,6
B00004T9UF,VCT,5
B00004T9UF,VEN,4
B00004T9UF,VGB,4
B00004T9UF,VIR,4
B00004T9UF,VNM,2
B00004T9UF,VUT,4
B00004T9UF,WLF,1
B00004T9UF,WSM,2
B00004T9UF,YEM,6
B00004T9UF,ZAF,3
B00004T9UF,ZMB,11
B00004T9UF,ZWE,3
B00005YW4H,ABW,7
B00005YW4H,AFG,4
B00005YW4H,AGO,6
B00005YW4H,AIA,6
B00005YW4H,ALA,5
B00005YW4H,ALB,5
B00005YW4H,AND,4
B00005YW4H,ANT,5
B00005YW4H,ARE,2
B00005YW4H,ARG,3
B00005YW4H,ARM,3
B00005YW4H,ASM,5
B00005YW4H,ATG,6
B00005YW4H,AUS,5
B00005YW4H,AUT,4
B00005YW4H,AZE,5
B00005YW4H,BDI,3
B00005YW4H,BEL,5
B00005YW4H,BEN,5
B00005YW4H,BFA,5
B00005YW4H,BGD,4
B00005YW4H,BGR,12
B00005YW4H,BHR,5
B00005YW4H,BHS,7
B00005YW4H,BIH,14
B00005YW4H,BLM,3
B00005YW4H,BLR,6
B00005YW4H,BLZ,4
B00005YW4H,BMU,2
B00005YW4H,BOL,12
B00005YW4H,BRA,5
B00005YW4H,BRB,4
B00005YW4H,BRN,8
B00005YW4H,BTN,6
B00005YW4H,BWA,7
B00005YW4H,CAF,7
B00005YW4H,CAN,2
B00005YW4H,CHE,8
B00005YW4H,CHL,5
B00005YW4H,CHN,8
B00005YW4H,CIV,9
B00005YW4H,CMR,3
B00005YW4H,COD,6
B00005YW4H,COG,5
B00005YW4H,COK,7
B00005YW4H,COL,4
B00005YW4H,COM,4
B00005YW4H,CPV,6
B00005YW4H,CRI,3
B00005YW4H,CUB,6
B00005YW4H,CYM,5
B00005YW4H,CYP,7
B00005YW4H,CZE,7
B00005YW4H,DEU,2
B00005YW4H,DJI,3
B00005YW4H,DMA,6
B00005YW4H,DNK,5
B00005YW4H,DOM,7
B00005YW4H,DZA,7
B00005YW4H,ECU,6
B00005YW4H,EGY,7
B00005YW4H,ERI,6
B00005YW4H,ESH,7
B00005YW4H,ESP,8
B00005YW4H,EST,9
B00005YW4H,ETH,7
B00005YW4H,FIN,4
B00005YW4H,FJI,8
B00005YW4H,FLK,2
B00005YW4H,FRA,11
B00005YW4H,FRO,7
B00005YW4H,FSM,9
B00005YW4H,GAB,6
B00005YW4H,GBR,5
B00005YW4H,GEO,4
B00005YW4H,GGY,3
B00005YW4H,GHA,2
B00005YW4H,GIB,4
B00005YW4H,GIN,2
B00005YW4H,GLP,4
B00005YW4H,GMB,7
B00005YW4H,GNB,6
B00005YW4H,GNQ,4
B00005YW4H,GRC,5
B00005YW4H,GRD,6
B00005YW4H,GRL,4
B00005YW4H,GTM,5
B00005YW4H,GUF,8
B00005YW4H,GUM,4
B00005YW4H,GUY,4
B00005YW4H,HKG,4
B00005YW4H,HND,4
B00005YW4H,HRV,4
B00005YW4H,HTI,6
B00005YW4H,HUN,8
B00005YW4H,IDN,8
B00005YW4H,IMN,5
B00005YW4H,IND,7
B00005YW4H,IRL,4
B00005YW4H,IRN,5
B00005YW4H,IRQ,8
B00005YW4H,ISL,5
B00005YW4H,ISR,5
B00005YW4H,ITA,4
B00005YW4H,JAM,4
B00005YW4H,JEY,5
B00005YW4H,JOR,7
B00005YW4H,JPN,5
B00005YW4H,KAZ,6
B00005YW4H,KEN,6
B00005YW4H,KGZ,3
B00005YW4H,KHM,3
B00005YW4H,KIR,6
B00005YW4H,KNA,6
B00005YW4H,KOR,6
B00005YW4H,KWT,5
B00005YW4H,LAO,5
B00005YW4H,LBN,7
B00005YW4H,LBR,4
B00005YW4H,LBY,8
B00005YW4H,LCA,10
B00005YW4H,LIE,3
B00005YW4H,LKA,3
B00005YW4H,LSO,8
B00005YW4H,LTU,6
B00005YW4H,LUX,5
B00005YW4H,LVA,4
B00005YW4H,MAC,8
B00005YW4H,MAF,4
B00005YW4H,MAR,6
B00005YW4H,MCO,4
B00005YW4H,MDA,8
B00005YW4H,MDG,3
B00005YW4H,MDV,3
B00005YW4H,MEX,4
B00005YW4H,MHL,4
B00005YW4H,MKD,4
B00005YW4H,MLI,5
B00005YW4H,MLT,8
B00005YW4H,MMR,4
B00005YW4H,MNE,5
B00005YW4H,MNG,6
B00005YW4H,MNP,5
B00005YW4H,MOZ,2
B00005YW4H,MRT,5
B00005YW4H,MSR,3
B00005YW4H,MTQ,3
B00005YW4H,MUS,3
B00005YW4H,MWI,6
B00005YW4H,MYS,2
B00005YW4H,MYT,4
B00005YW4H,NAM,9
B00005YW4H,NCL,7
B00005YW4H,NER,9
B00005YW4H,NFK,4
B00005YW4H,NGA,8
B00005YW4H,NIC,6
B00005YW4H,NIU,3
B00005YW4H,NLD,8
B00005YW4H,NOR,10
B00005YW4H,NPL,6
B00005YW4H,NRU,7
B00005YW4H,NZL,7
B00005YW4H,OMN,9
B00005YW4H,PAK,6
B00005YW4H,PAN,7
B00005YW4H,PCN,9
B00005YW4H,PER,5
B00005YW4H,PHL,9
B00005YW4H,PLW,6
B00005YW4H,PNG,3
B00005YW4H,POL,4
B00005YW4H,PRI,3
B00005YW4H,PRK,4
B00005YW4H,PRT,5
B00005YW4H,PRY,6
B00005YW4H,PSE,3
B00005YW4H,PYF,5
B00005YW4H,QAT,5
B00005YW4H,REU,9
B00005YW4H,ROU,5
B00005YW4H,RUS,6
B00005YW4H,RWA,3
B00005YW4H,SAU,7
B00005YW4H,SDN,8
B00005YW4H,SEN,4
B00005YW4H,SGP,2
B00005YW4H,SHN,7
B00005YW4H,SJM,8
B00005YW4H,SLB,6
B00005YW4H,SLE,3
B00005YW4H,SLV,4
B00005YW4H,SMR,4
B00005YW4H,SOM,5
B00005YW4H,SRB,9
B00005YW4H,STP,9
B00005YW4H,SUR,9
B00005YW4H,SVK,6
B00005YW4H,SVN,6
B00005YW4H,SWE,5
B00005YW4H,SWZ,4
B00005YW4H,SYC,4
B00005YW4H,SYR,4
B00005YW4H,TCA,6
B00005YW4H,TCD,5
B00005YW4H,TGO,5
B00005YW4H,THA,9
B00005YW4H,TJK,5
B00005YW4H,TKL,1
B00005YW4H,TKM,5
B00005YW4H,TLS,8
B00005YW4H,TON,4
B00005YW4H,TTO,9
B00005YW4H,TUN,5
B00005YW4H,TUR,7
B00005YW4H,TUV,3
B00005YW4H,TZA,5
B00005YW4H,UGA,4
B00005YW4H,UKR,6
B00005YW4H,URY,5
B00005YW4H,USA,2
B00005YW4H,UZB,4
B00005YW4H,VAT,7
B00005YW4H,VCT,2
B00005YW4H,VEN,4
B00005YW4H,VGB,6
B00005YW4H,VIR,1
B00005YW4H,VNM,8
B00005YW4H,VUT,6
B00005YW4H,WLF,7
B00005YW4H,WSM,2
B00005YW4H,YEM,10
B00005YW4H,ZAF,4
B00005YW4H,ZMB,4
B00005YW4H,ZWE,4
B00006690F,ABW,3
B00006690F,AFG,7
B00006690F,AGO,3
B00006690F,AIA,6
B00006690F,ALA,3
B00006690F,ALB,5
B00006690F,AND,4
B00006690F,ANT,3
B00006690F,ARE,2
B00006690F,ARG,9
B00006690F,ARM,3
B00006690F,ASM,3
B00006690F,ATG,4
B00006690F,AUS,4
B00006690F,AUT,5
B00006690F,AZE,6
B00006690F,BDI,2
B00006690F,BEL,4
B00006690F,BFA,6
B00006690F,BGD,3
B00006690F,BGR,5
B00006690F,BHR,2
B00006690F,BHS,3
B00006690F,BIH,3
B00006690F,BLM,4
B00006690F,BLR,4
B00006690F,BMU,1
B00006690F,BOL,4
B00006690F,BRA,4
B00006690F,BRB,4
B00006690F,BRN,4
B00006690F,BTN,2
B00006690F,BWA,5
B00006690F,CAF,3
B00006690F,CAN,4
B00006690F,CHE,3
B00006690F,CHL,3
B00006690F,CHN,3
B00006690F,CIV,1
B00006690F,CMR,3
B00006690F,COD,2
B00006690F,COG,5
B00006690F,COK,5
B00006690F,COL,6
B00006690F,COM,4
B00006690F,CPV,3
B00006690F,CRI,4
B00006690F,CYP,6
B00006690F,CZE,6
B00006690F,DEU,3
B00006690F,DJI,7
B00006690F,DMA,2
B00006690F,DNK,6
B00006690F,DOM,4
B00006690F,DZA,5
B00006690F,ECU,7
B00006690F,EGY,6
B00006690F,ERI,8
B00006690F,ESH,4
B00006690F,ESP,4
B00006690F,ETH,4
B00006690F,FJI,3
B00006690F,FLK,2
B00006690F,FRA,5
B00006690F,FRO,1
B00006690F,FSM,5
B00006690F,GAB,3
B00006690F,GBR,3
B00006690F,GEO,5
B00006690F,GGY,5
B00006690F,GHA,5
B00006690F,GIB,5
B00006690F,GIN,1
B00006690F,GLP,4
B00006690F,GMB,1
B00006690F,GNB,4
B00006690F,GNQ,5
B00006690F,GRC,2
B00006690F,GRD,5
B00006690F,GRL,7
B00006690F,GTM,3
B00006690F,GUF,4
B00006690F,GUM,3
B00006690F,GUY,3
B00006690F,HKG,2
B00006690F,HND,3
B00006690F,HRV,1
B00006690F,HTI,3
B00006690F,HUN,5
B00006690F,IDN,3
B00006690F,IMN,6
B00006690F,IND,3
B00006690F,IRL,1
B00006690F,IRN,4
B00006690F,IRQ,4
B00006690F,ISL,3
B00006690F,ISR,5
B00006690F,ITA,2
B00006690F,JAM,7
B00006690F,JEY,4
B00006690F,JOR,1
B00006690F,JPN,4
B00006690F,KAZ,1
B00006690F,KEN,6
B00006690F,KGZ,6
B00006690F,KHM,3
B00006690F,KIR,6
B00006690F,KNA,2
B00006690F,KOR,8
B00006690F,KWT,3
B00006690F,LAO,3
B00006690F,LBN,6
B00006690F,LBR,3
B00006690F,LBY,6
B00006690F,LCA,2
B00006690F,LIE,4
B00006690F,LKA,3
B00006690F,LSO,4
B00006690F,LTU,3
B00006690F,LUX,2
B00006690F,LVA,3
B00006690F,MAC,6
B00006690F,MAF,3
B00006690F,MAR,2
B00006690F,MDA,4
B00006690F,MDG,4
B00006690F,MDV,8
B00006690F,MEX,8
B00006690F,MHL,3
B00006690F,MKD,4
B00006690F,MLI,3
B00006690F,MLT,3
B00006690F,MMR,5
B00006690F,MNE,8
B00006690F,MNG,1
B00006690F,MNP,2
B00006690F,MOZ,6
B00006690F,MRT,4
B00006690F,MSR,4
B00006690F,MTQ,7
B00006690F,MUS,4
B00006690F,MWI,1
B00006690F,MYS,3
B00006690F,MYT,4
B00006690F,NAM,2
B00006690F,NCL,3
B00006690F,NER,4
B00006690F,NFK,3
B00006690F,NGA,5
B00006690F,NIC,6
B00006690F,NIU,7
B00006690F,NLD,4
B00006690F,NOR,3
B00006690F,NPL,4
B00006690F,NRU,2
B00006690F,NZL,5
B00006690F,OMN,3
B00006690F,PAK,5
B00006690F,PAN,5
B00006690F,PCN,2
B00006690F,PER,4
B00006690F,PHL,4
B00006690F,PLW,8
B00006690F,PNG,4
B00006690F,POL,5
B00006690F,PRI,4
B00006690F,PRK,7
B00006690F,PRT,8
B00006690F,PRY,1
B00006690F,PSE,7
B00006690F,PYF,3
B00006690F,QAT,4
B00006690F,REU,4
B00006690F,ROU,3
B00006690F,RUS,6
B00006690F,RWA,2
B00006690F,SAU,5
B00006690F,SDN,3
B00006690F,SEN,3
B00006690F,SGP,2
B00006690F,SHN,3
B00006690F,SJM,5
B00006690F,SLB,5
B00006690F,SLE,3
B00006690F,SLV,1
B00006690F,SMR,5
B00006690F,SPM,5
B00006690F,SRB,5
B00006690F,STP,4
B00006690F,SUR,4
B00006690F,SVK,3
B00006690F,SVN,2
B00006690F,SWE,5
B00006690F,SWZ,2
B00006690F,SYC,4
B00006690F,SYR,3
B00006690F,TCA,4
B00006690F,TCD,6
B00006690F,TGO,3
B00006690F,THA,3
B00006690F,TJK,4
B00006690F,TKL,3
B00006690F,TKM,4
B00006690F,TLS,4
B00006690F,TON,3
B00006690F,TTO,1
B00006690F,TUN,7
B00006690F,TUR,3
B00006690F,TUV,3
B00006690F,TZA,3
B00006690F,UGA,3
B00006690F,UKR,2
B00006690F,URY,2
B00006690F,USA,5
B00006690F,UZB,5
B00006690F,VAT,5
B00006690F,VCT,5
B00006690F,VEN,4
B00006690F,VIR,3
B00006690F,VNM,2
B00006690F,VUT,4
B00006690F,WLF,1
B00006690F,WSM,2
B00006690F,YEM,1
B00006690F,ZAF,2
B00006690F,ZMB,4
B00006690F,ZWE,7
B000084T18,ABW,4
B000084T18,AFG,4
B000084T18,AGO,2
B000084T18,AIA,6
B000084T18,ALA,9
B000084T18,ALB,6
B000084T18,AND,5
B000084T18,ANT,2
B000084T18,ARE,2
B000084T18,ARG,4
B000084T18,ARM,4
B000084T18,ASM,7
B000084T18,ATG,5
B000084T18,AUS,5
B000084T18,AUT,9
B000084T18,AZE,6
B000084T18,BDI,8
B000084T18,BEL,6
B000084T18,BEN,4
B000084T18,BFA,5
B000084T18,BGD,3
B000084T18,BGR,1
B000084T18,BHR,5
B000084T18,BHS,1
B000084T18,BIH,3
B000084T18,BLM,3
B000084T18,BLR,5
B000084T18,BLZ,3
B000084T18,BMU,4
B000084T18,BOL,7
B000084T18,BRA,2
B000084T18,BRB,5
B000084T18,BRN,1
B000084T18,BTN,1
B000084T18,BWA,8
B000084T18,CAF,2
B000084T18,CAN,2
B000084T18,CHE,6
B000084T18,CHL,7
B000084T18,CHN,3
B000084T18,CIV,5
B000084T18,CMR,2
B000084T18,COD,4
B000084T18,COG,2
B000084T18,COK,1
B000084T18,COL,1
B000084T18,COM,7
B000084T18,CRI,7
B000084T18,CUB,6
B000084T18,CYM,3
B000084T18,CYP,3
B000084T18,CZE,3
B000084T18,DEU,4
B000084T18,DJI,4
B000084T18,DMA,4
B000084T18,DNK,4
B000084T18,DOM,5
B000084T18,DZA,3
B000084T18,ECU,7
B000084T18,EGY,4
B000084T18,ERI,4
B000084T18,ESH,4
B000084T18,ESP,7
B000084T18,EST,5
B000084T18,ETH,2
B000084T18,FIN,5
B000084T18,FJI,1
B000084T18,FLK,4
B000084T18,FRA,4
B000084T18,FRO,3
B000084T18,FSM,1
B000084T18,GAB,4
B000084T18,GBR,3
B000084T18,GEO,2
B000084T18,GGY,7
B000084T18,GHA,4
B000084T18,GIB,8
B000084T18,GIN,2
B000084T18,GLP,4
B000084T18,GMB,3
B000084T18,GNB,3
B000084T18,GNQ,3
B000084T18,GRC,3
B000084T18,GRD,5
B000084T18,GRL,7
B000084T18,GTM,4
B000084T18,GUF,4
B000084T18,GUM,6
B000084T18,GUY,2
B000084T18,HKG,3
B000084T18,HND,6
B000084T18,HRV,7
B000084T18,HTI,1
B000084T18,HUN,3
B000084T18,IDN,2
B000084T18,IMN,4
B000084T18,IND,4
B000084T18,IRL,3
B000084T18,IRN,3
B000084T18,ISL,5
B000084T18,ISR,5
B000084T18,ITA,5
B000084T18,JAM,4
B000084T18,JEY,8
B000084T18,JOR,5
B000084T18,JPN,4
B000084T18,KAZ,6
B000084T18,KEN,2
B000084T18,KGZ,4
B000084T18,KHM,5
B000084T18,KIR,6
B000084T18,KNA,5
B000084T18,KOR,7
B000084T18,KWT,5
B000084T18,LAO,5
B000084T18,LBN,2
B000084T18,LBR,6
B000084T18,LBY,4
B000084T18,LCA,3
B000084T18,LIE,4
B000084T18,LKA,4
B000084T18,LSO,4
B000084T18,LTU,5
B000084T18,LUX,4
B000084T18,LVA,6
B000084T18,MAC,7
B000084T18,MAF,2
B000084T18,MAR,5
B000084T18,MCO,2
B000084T18,MDA,5
B000084T18,MDG,8
B000084T18,MDV,3
B000084T18,MEX,3
B000084T18,MHL,7
B000084T18,MKD,3
B000084T18,MLT,7
B000084T18,MMR,1
B000084T18,MNE,2
B000084T18,MNG,5
B000084T18,MNP,1
B000084T18,MOZ,4
B000084T18,MRT,5
B000084T18,MSR,6
B000084T18,MTQ,4
B000084T18,MUS,3
B000084T18,MWI,6
B000084T18,MYS,2
B000084T18,MYT,6
B000084T18,NAM,4
B000084T18,NCL,3
B000084T18,NER,4
B000084T18,NFK,3
B000084T18,NGA,7
B000084T18,NIC,4
B000084T18,NIU,11
B000084T18,NOR,3
B000084T18,NPL,6
B000084T18,NRU,4
B000084T18,NZL,3
B000084T18,OMN,2
B000084T18,PAK,3
B000084T18,PAN,3
B000084T18,PCN,5
B000084T18,PER,2
B000084T18,PHL,4
B000084T18,PLW,1
B000084T18,PNG,6
B000084T18,POL,4
B000084T18,PRI,2
B000084T18,PRK,5
B000084T18,PRT,8
B000084T18,PRY,4
B000084T18,PSE,1
B000084T18,PYF,7
B000084T18,QAT,7
B000084T18,REU,4
B000084T18,ROU,3
B000084T18,RUS,4
B000084T18,RWA,4
B000084T18,SAU,5
B000084T18,SDN,7
B000084T18,SEN,3
B000084T18,SGP,4
B000084T18,SHN,4
B000084T18,SJM,4
B000084T18,SLB,4
B000084T18,SLE,3
B000084T18,SLV,2
B000084T18,SMR,1
B000084T18,SOM,2
B000084T18,SPM,6
B000084T18,SRB,5
B000084T18,STP,5
B000084T18,SUR,6
B000084T18,SVK,1
B000084T18,SVN,4
B000084T18,SWE,2
B000084T18,SWZ,3
B000084T18,SYC,2
B000084T18,SYR,5
B000084T18,TCA,9
B000084T18,TCD,6
B000084T18,TGO,4
B000084T18,THA,7
B000084T18,TJK,6
B000084T18,TKL,2
B000084T18,TKM,5
B000084T18,TLS,4
B000084T18,TON,8
B000084T18,TTO,3
B000084T18,TUN,4
B000084T18,TUR,5
B000084T18,TUV,3
B000084T18,TZA,8
B000084T18,UGA,3
B000084T18,UKR,6
B000084T18,URY,3
B000084T18,USA,7
B000084T18,UZB,1
B000084T18,VAT,4
B000084T18,VCT,2
B000084T18,VEN,5
B000084T18,VGB,1
B000084T18,VIR,3
B000084T18,VNM,5
B000084T18,VUT,2
B000084T18,WLF,5
B000084T18,WSM,5
B000084T18,YEM,4
B000084T18,ZAF,2
B000084T18,ZMB,4
B000084T18,ZWE,8
B00008H2LB,ABW,11
B00008H2LB,AFG,5
B00008H2LB,AGO,6
B00008H2LB,AIA,6
B00008H2LB,ALA,7
B00008H2LB,ALB,8
B00008H2LB,ANT,2
B00008H2LB,ARE,7
B00008H2LB,ARG,5
B00008H2LB,ARM,4
B00008H2LB,ASM,4
B00008H2LB,ATG,10
B00008H2LB,AUS,2
B00008H2LB,AUT,7
B00008H2LB,AZE,7
B00008H2LB,BDI,1
B00008H2LB,BEL,7
B00008H2LB,BEN,3
B00008H2LB,BFA,6
B00008H2LB,BGD,6
B00008H2LB,BGR,9
B00008H2LB,BHR,4
B00008H2LB,BHS,11
B00008H2LB,BIH,4
B00008H2LB,BLM,5
B00008H2LB,BLR,4
B00008H2LB,BLZ,8
B00008H2LB,BMU,4
B00008H2LB,BOL,2
B00008H2LB,BRA,6
B00008H2LB,BRB,4
B00008H2LB,BRN,4
B00008H2LB,BTN,6
B00008H2LB,BWA,10
B00008H2LB,CAF,5
B00008H2LB,CAN,5
B00008H2LB,CHE,5
B00008H2LB,CHL,2
B00008H2LB,CHN,9
B00008H2LB,CIV,7
B00008H2LB,CMR,2
B00008H2LB,COD,5
B00008H2LB,COG,4
B00008H2LB,COK,3
B00008H2LB,COL,4
B00008H2LB,COM,7
B00008H2LB,CPV,13
B00008H2LB,CRI,7
B00008H2LB,CUB,9
B00008H2LB,CYM,4
B00008H2LB,CYP,6
B00008H2LB,CZE,3
B00008H2LB,DEU,3
B00008H2LB,DJI,8
B00008H2LB,DMA,9
B00008H2LB,DNK,4
B00008H2LB,DOM,5
B00008H2LB,DZA,2
B00008H2LB,ECU,4
B00008H2LB,EGY,4
B00008H2LB,ERI,8
B00008H2LB,ESH,9
B00008H2LB,ESP,6
B00008H2LB,EST,5
B00008H2LB,ETH,3
B00008H2LB,FIN,4
B00008H2LB,FJI,5
B00008H2LB,FLK,5
B00008H2LB,FRA,12
B00008H2LB,FRO,5
B00008H2LB,FSM,6
B00008H2LB,GAB,11
B00008H2LB,GBR,7
B00008H2LB,GEO,5
B00008H2LB,GGY,6
B00008H2LB,GHA,2
B00008H2LB,GIB,4
B00008H2LB,GIN,8
B00008H2LB,GLP,3
B00008H2LB,GMB,5
B00008H2LB,GNB,5
B00008H2LB,GNQ,4
B00008H2LB,GRC,8
B00008H2LB,GRD,4
B00008H2LB,GRL,5
B00008H2LB,GTM,4
B00008H2LB,GUF,2
B00008H2LB,GUM,6
B00008H2LB,GUY,6
B00008H2LB,HKG,7
B00008H2LB,HND,7
B00008H2LB,HRV,6
B00008H2LB,HTI,8
B00008H2LB,HUN,9
B00008H2LB,IDN,4
B00008H2LB,IMN,3
B00008H2LB,IND,5
B00008H2LB,IRL,7
B00008H2LB,IRN,8
B00008H2LB,IRQ,5
B00008H2LB,ISL,3
B00008H2LB,ISR,5
B00008H2LB,ITA,4
B00008H2LB,JAM,6
B00008H2LB,JEY,4
B00008H2LB,JOR,8
B00008H2LB,JPN,3
B00008H2LB,KAZ,10
B00008H2LB,KEN,1
B00008H2LB,KGZ,6
B00008H2LB,KHM,7
B00008H2LB,KIR,11
B00008H2LB,KNA,6
B00008H2LB,KOR,6
B00008H2LB,KWT,3
B00008H2LB,LAO,6
B00008H2LB,LBN,7
B00008H2LB,LBR,3
B00008H2LB,LBY,4
B00008H2LB,LCA,4
B00008H2LB,LIE,6
B00008H2LB,LKA,4
B00008H2LB,LSO,9
B00008H2LB,LTU,6
B00008H2LB,LUX,2
B00008H2LB,LVA,3
B00008H2LB,MAC,2
B00008H2LB,MAF,7
B00008H2LB,MAR,12
B00008H2LB,MCO,5
B00008H2LB,MDA,4
B00008H2LB,MDG,4
B00008H2LB,MDV,5
B00008H2LB,MHL,5
B00008H2LB,MKD,3
B00008H2LB,MLI,8
B00008H2LB,MLT,5
B00008H2LB,MMR,5
B00008H2LB,MNE,6
B00008H2LB,MNG,4
B00008H2LB,MNP,6
B00008H2LB,MOZ,6
B00008H2LB,MRT,6
B00008H2LB,MSR,3
B00008H2LB,MTQ,7
B00008H2LB,MUS,6
B00008H2LB,MWI,6
B00008H2LB,MYS,9
B00008H2LB,MYT,2
B00008H2LB,NAM,8
B00008H2LB,NCL,3
B00008H2LB,NER,3
B00008H2LB,NFK,7
B00008H2LB,NGA,8
B00008H2LB,NIC,7
B00008H2LB,NIU,7
B00008H2LB,NLD,8
B00008H2LB,NOR,5
B00008H2LB,NPL,4
B00008H2LB,NRU,6
B00008H2LB,NZL,4
B00008H2LB,OMN,4
B00008H2LB,PAK,7
B00008H2LB,PAN,4
B00008H2LB,PCN,5
B00008H2LB,PER,4
B00008H2LB,PHL,4
B00008H2LB,PLW,7
B00008H2LB,PNG,3
B00008H2LB,POL,4
B00008H2LB,PRI,5
B00008H2LB,PRK,5
B00008H2LB,PRT,5
B00008H2LB,PRY,6
B00008H2LB,PSE,6
B00008H2LB,PYF,10
B00008H2LB,QAT,3
B00008H2LB,REU,5
B00008H2LB,ROU,9
B00008H2LB,RUS,2
B00008H2LB,RWA,4
B00008H2LB,SAU,3
B00008H2LB,SDN,6
B00008H2LB,SEN,5
B00008H2LB,SGP,10
B00008H2LB,SHN,6
B00008H2LB,SJM,8
B00008H2LB,SLB,7
B00008H2LB,SLE,2
B00008H2LB,SLV,7
B00008H2LB,SMR,5
B00008H2LB,SOM,6
B00008H2LB,SPM,3
B00008H2LB,SRB,9
B00008H2LB,STP,5
B00008H2LB,SUR,8
B00008H2LB,SVK,8
B00008H2LB,SVN,5
B00008H2LB,SWE,8
B00008H2LB,SWZ,2
B00008H2LB,SYC,4
B00008H2LB,SYR,3
B00008H2LB,TCA,6
B00008H2LB,TCD,9
B00008H2LB,TGO,6
B00008H2LB,THA,10
B00008H2LB,TJK,9
B00008H2LB,TKL,6
B00008H2LB,TKM,9
B00008H2LB,TLS,5
B00008H2LB,TON,8
B00008H2LB,TTO,2
B00008H2LB,TUN,2
B00008H2LB,TUR,8
B00008H2LB,TUV,7
B00008H2LB,TZA,6
B00008H2LB,UGA,11
B00008H2LB,UKR,4
B00008H2LB,URY,4
B00008H2LB,USA,7
B00008H2LB,UZB,6
B00008H2LB,VAT,4
B00008H2LB,VCT,10
B00008H2LB,VEN,6
B00008H2LB,VGB,5
B00008H2LB,VIR,4
B00008H2LB,VNM,6
B00008H2LB,VUT,7
B00008H2LB,WLF,7
B00008H2LB,WSM,6
B00008H2LB,YEM,7
B00008H2LB,ZAF,5
B00008H2LB,ZMB,7
B00008H2LB,ZWE,5
B0000AGWEC,ABW,2
B0000AGWEC,AFG,6
B0000AGWEC,AGO,6
B0000AGWEC,AIA,7
B0000AGWEC,ALA,4
B0000AGWEC,ALB,9
B0000AGWEC,AND,9
B0000AGWEC,ANT,6
B0000AGWEC,ARE,7
B0000AGWEC,ARG,7
B0000AGWEC,ARM,5
B0000AGWEC,ASM,11
B0000AGWEC,ATG,13
B0000AGWEC,AUS,4
B0000AGWEC,AUT,6
B0000AGWEC,AZE,8
B0000AGWEC,BDI,3
B0000AGWEC,BEL,10
B0000AGWEC,BEN,12
B0000AGWEC,BFA,8
B0000AGWEC,BGD,5
B0000AGWEC,BGR,8
B0000AGWEC,BHR,4
B0000AGWEC,BHS,8
B0000AGWEC,BIH,11
B0000AGWEC,BLM,6
B0000AGWEC,BLR,9
B0000AGWEC,BLZ,4
B0000AGWEC,BMU,11
B0000AGWEC,BOL,9
B0000AGWEC,BRA,10
B0000AGWEC,BRB,11
B0000AGWEC,BRN,10
B0000AGWEC,BTN,5
B0000AGWEC,BWA,7
B0000AGWEC,CAF,6
B0000AGWEC,CAN,7
B0000AGWEC,CHE,4
B0000AGWEC,CHL,12
B0000AGWEC,CHN,7
B0000AGWEC,CIV,8
B0000AGWEC,CMR,10
B0000AGWEC,COD,9
B0000AGWEC,COG,11
B0000AGWEC,COK,9
B0000AGWEC,COL,8
B0000AGWEC,COM,7
B0000AGWEC,CPV,12
B0000AGWEC,CRI,8
B0000AGWEC,CUB,9
B0000AGWEC,CYM,6
B0000AGWEC,CYP,4
B0000AGWEC,CZE,8
B0000AGWEC,DEU,6
B0000AGWEC,DJI,7
B0000AGWEC,DMA,9
B0000AGWEC,DNK,5
B0000AGWEC,DOM,8
B0000AGWEC,DZA,4
B0000AGWEC,ECU,6
B0000AGWEC,EGY,8
B0000AGWEC,ERI,11
B0000AGWEC,ESH,3
B0000AGWEC,ESP,7
B0000AGWEC,EST,9
B0000AGWEC,ETH,6
B0000AGWEC,FIN,7
B0000AGWEC,FJI,9
B0000AGWEC,FLK,8
B0000AGWEC,FRA,15
B0000AGWEC,FRO,12
B0000AGWEC,FSM,9
B0000AGWEC,GAB,12
B0000AGWEC,GBR,9
B0000AGWEC,GEO,4
B0000AGWEC,GGY,10
B0000AGWEC,GHA,6
B0000AGWEC,GIB,6
B0000AGWEC,GIN,4
B0000AGWEC,GLP,14
B0000AGWEC,GMB,11
B0000AGWEC,GNB,5
B0000AGWEC,GNQ,12
B0000AGWEC,GRC,12
B0000AGWEC,GRD,10
B0000AGWEC,GRL,9
B0000AGWEC,GTM,7
B0000AGWEC,GUF,8
B0000AGWEC,GUM,6
B0000AGWEC,GUY,7
B0000AGWEC,HKG,10
B0000AGWEC,HND,7
B0000AGWEC,HRV,7
B0000AGWEC,HTI,9
B0000AGWEC,HUN,15
B0000AGWEC,IDN,10
B0000AGWEC,IMN,6
B0000AGWEC,IND,9
B0000AGWEC,IRL,9
B0000AGWEC,IRN,9
B0000AGWEC,IRQ,8
B0000AGWEC,ISL,8
B0000AGWEC,ISR,6
B0000AGWEC,ITA,6
B0000AGWEC,JAM,5
B0000AGWEC,JEY,10
B0000AGWEC,JOR,3
B0000AGWEC,JPN,9
B0000AGWEC,KAZ,7
B0000AGWEC,KEN,7
B0000AGWEC,KGZ,5
B0000AGWEC,KHM,5
B0000AGWEC,KIR,9
B0000AGWEC,KNA,9
B0000AGWEC,KOR,11
B0000AGWEC,KWT,7
B0000AGWEC,LAO,6
B0000AGWEC,LBN,7
B0000AGWEC,LBR,7
B0000AGWEC,LBY,4
B0000AGWEC,LCA,12
B0000AGWEC,LIE,16
B0000AGWEC,LKA,8
B0000AGWEC,LSO,8
B0000AGWEC,LTU,5
B0000AGWEC,LUX,7
B0000AGWEC,LVA,4
B0000AGWEC,MAC,8
B0000AGWEC,MAF,5
B0000AGWEC,MAR,4
B0000AGWEC,MCO,11
B0000AGWEC,MDA,10
B0000AGWEC,MDG,10
B0000AGWEC,MDV,6
B0000AGWEC,MEX,10
B0000AGWEC,MHL,3
B0000AGWEC,MKD,6
B0000AGWEC,MLI,5
B0000AGWEC,MLT,10
B0000AGWEC,MMR,10
B0000AGWEC,MNE,7
B0000AGWEC,MNG,7
B0000AGWEC,MNP,7
B0000AGWEC,MOZ,8
B0000AGWEC,MRT,6
B0000AGWEC,MSR,7
B0000AGWEC,MTQ,8
B0000AGWEC,MUS,8
B0000AGWEC,MWI,9
B0000AGWEC,MYS,5
B0000AGWEC,MYT,8
B0000AGWEC,NAM,8
B0000AGWEC,NCL,6
B0000AGWEC,NER,9
B0000AGWEC,NFK,9
B0000AGWEC,NGA,4
B0000AGWEC,NIC,9
B0000AGWEC,NIU,6
B0000AGWEC,NLD,13
B0000AGWEC,NOR,3
B0000AGWEC,NPL,6
B0000AGWEC,NRU,11
B0000AGWEC,NZL,2
B0000AGWEC,OMN,7
B0000AGWEC,PAK,10
B0000AGWEC,PAN,9
B0000AGWEC,PCN,5
B0000AGWEC,PER,6
B0000AGWEC,PHL,7
B0000AGWEC,PLW,11
B0000AGWEC,PNG,9
B0000AGWEC,POL,5
B0000AGWEC,PRI,12
B0000AGWEC,PRK,5
B0000AGWEC,PRT,8
B0000AGWEC,PRY,9
B0000AGWEC,PSE,12
B0000AGWEC,PYF,6
B0000AGWEC,QAT,3
B0000AGWEC,REU,10
B0000AGWEC,ROU,8
B0000AGWEC,RUS,5
B0000AGWEC,RWA,10
B0000AGWEC,SAU,10
B0000AGWEC,SDN,7
B0000AGWEC,SEN,11
B0000AGWEC,SGP,9
B0000AGWEC,SHN,6
B0000AGWEC,SJM,4
B0000AGWEC,SLB,7
B0000AGWEC,SLE,4
B0000AGWEC,SLV,6
B0000AGWEC,SMR,7
B0000AGWEC,SOM,5
B0000AGWEC,SPM,8
B0000AGWEC,SRB,6
B0000AGWEC,STP,9
B0000AGWEC,SUR,13
B0000AGWEC,SVK,7
B0000AGWEC,SVN,19
B0000AGWEC,SWE,11
B0000AGWEC,SWZ,8
B0000AGWEC,SYC,7
B0000AGWEC,SYR,7
B0000AGWEC,TCA,8
B0000AGWEC,TCD,7
B0000AGWEC,TGO,4
B0000AGWEC,THA,7
B0000AGWEC,TJK,6
B0000AGWEC,TKL,6
B0000AGWEC,TKM,6
B0000AGWEC,TLS,10
B0000AGWEC,TON,9
B0000AGWEC,TTO,8
B0000AGWEC,TUN,8
B0000AGWEC,TUR,10
B0000AGWEC,TUV,4
B0000AGWEC,TZA,7
B0000AGWEC,UGA,8
B0000AGWEC,UKR,7
B0000AGWEC,URY,9
B0000AGWEC,USA,7
B0000AGWEC,UZB,3
B0000AGWEC,VAT,8
B0000AGWEC,VCT,6
B0000AGWEC,VEN,7
B0000AGWEC,VGB,8
B0000AGWEC,VIR,8
B0000AGWEC,VNM,10
B0000AGWEC,VUT,8
B0000AGWEC,WLF,5
B0000AGWEC,WSM,8
B0000AGWEC,YEM,4
B0000AGWEC,ZAF,10
B0000AGWEC,ZMB,6
B0000AGWEC,ZWE,12
B0007NFL18,ABW,4
B0007NFL18,AFG,3
B0007NFL18,AGO,8
B0007NFL18,AIA,4
B0007NFL18,ALA,7
B0007NFL18,ALB,4
B0007NFL18,AND,4
B0007NFL18,ANT,7
B0007NFL18,ARE,3
B0007NFL18,ARG,6
B0007NFL18,ARM,2
B0007NFL18,ASM,6
B0007NFL18,ATG,4
B0007NFL18,AUS,7
B0007NFL18,AUT,4
B0007NFL18,AZE,6
B0007NFL18,BDI,9
B0007NFL18,BEL,4
B0007NFL18,BEN,7
B0007NFL18,BFA,4
B0007NFL18,BGD,6
B0007NFL18,BGR,3
B0007NFL18,BHR,10
B0007NFL18,BHS,1
B0007NFL18,BIH,2
B0007NFL18,BLM,2
B0007NFL18,BLR,1
B0007NFL18,BLZ,6
B0007NFL18,BMU,3
B0007NFL18,BOL,8
B0007NFL18,BRA,9
B0007NFL18,BRB,3
B0007NFL18,BRN,5
B0007NFL18,BTN,3
B0007NFL18,BWA,7
B0007NFL18,CAF,3
B0007NFL18,CAN,1
B0007NFL18,CHE,3
B0007NFL18,CHL,6
B0007NFL18,CHN,3
B0007NFL18,CIV,2
B0007NFL18,CMR,8
B0007NFL18,COD,7
B0007NFL18,COG,3
B0007NFL18,COK,6
B0007NFL18,COL,3
B0007NFL18,COM,2
B0007NFL18,CPV,3
B0007NFL18,CRI,10
B0007NFL18,CUB,4
B0007NFL18,CYM,4
B0007NFL18,CYP,8
B0007NFL18,CZE,4
B0007NFL18,DEU,1
B0007NFL18,DJI,5
B0007NFL18,DMA,2
B0007NFL18,DNK,7
B0007NFL18,DOM,4
B0007NFL18,DZA,6
B0007NFL18,ECU,5
B0007NFL18,EGY,3
B0007NFL18,ERI,5
B0007NFL18,ESH,3
B0007NFL18,ESP,4
B0007NFL18,EST,3
B0007NFL18,ETH,3
B0007NFL18,FIN,6
B0007NFL18,FJI,6
B0007NFL18,FLK,8
B0007NFL18,FRA,2
B0007NFL18,FRO,2
B0007NFL18,FSM,2
B0007NFL18,GAB,6
B0007NFL18,GBR,1
B0007NFL18,GEO,4
B0007NFL18,GGY,7
B0007NFL18,GHA,2
B0007NFL18,GIN,4
B0007NFL18,GLP,4
B0007NFL18,GMB,5
B0007NFL18,GNB,6
B0007NFL18,GNQ,3
B0007NFL18,GRC,5
B0007NFL18,GRD,1
B0007NFL18,GRL,2
B0007NFL18,GTM,5
B0007NFL18,GUF,2
B0007NFL18,GUM,5
B0007NFL18,GUY,5
B0007NFL18,HKG,5
B0007NFL18,HND,6
B0007NFL18,HRV,5
B0007NFL18,HTI,4
B0007NFL18,HUN,4
B0007NFL18,IDN,5
B0007NFL18,IMN,4
B0007NFL18,IND,3
B0007NFL18,IRL,4
B0007NFL18,IRN,4
B0007NFL18,IRQ,6
B0007NFL18,ISL,2
B0007NFL18,ISR,3
B0007NFL18,ITA,4
B0007NFL18,JAM,3
B0007NFL18,JEY,4
B0007NFL18,JOR,6
B0007NFL18,JPN,3
B0007NFL18,KAZ,4
B0007NFL18,KEN,3
B0007NFL18,KGZ,4
B0007NFL18,KHM,7
B0007NFL18,KIR,3
B0007NFL18,KNA,6
B0007NFL18,KOR,7
B0007NFL18,KWT,3
B0007NFL18,LAO,7
B0007NFL18,LBN,1
B0007NFL18,LBR,4
B0007NFL18,LBY,3
B0007NFL18,LCA,3
B0007NFL18,LIE,4
B0007NFL18,LKA,4
B0007NFL18,LSO,1
B0007NFL18,LTU,5
B0007NFL18,LUX,2
B0007NFL18,LVA,6
B0007NFL18,MAC,5
B0007NFL18,MAF,4
B0007NFL18,MAR,4
B0007NFL18,MCO,4
B0007NFL18,MDA,4
B0007NFL18,MDG,5
B0007NFL18,MDV,7
B0007NFL18,MEX,3
B0007NFL18,MHL,6
B0007NFL18,MKD,5
B0007NFL18,MLI,5
B0007NFL18,MLT,2
B0007NFL18,MMR,3
B0007NFL18,MNE,5
B0007NFL18,MNG,2
B0007NFL18,MNP,8
B0007NFL18,MOZ,8
B0007NFL18,MRT,5
B0007NFL18,MSR,2
B0007NFL18,MTQ,7
B0007NFL18,MUS,5
B0007NFL18,MWI,4
B0007NFL18,MYS,5
B0007NFL18,MYT,2
B0007NFL18,NAM,4
B0007NFL18,NCL,2
B0007NFL18,NER,6
B0007NFL18,NFK,3
B0007NFL18,NGA,6
B0007NFL18,NIC,5
B0007NFL18,NIU,1
B0007NFL18,NLD,5
B0007NFL18,NOR,4
B0007NFL18,NPL,1
B0007NFL18,NRU,6
B0007NFL18,NZL,6
B0007NFL18,OMN,1
B0007NFL18,PAK,5
B0007NFL18,PAN,4
B0007NFL18,PCN,7
B0007NFL18,PER,2
B0007NFL18,PHL,3
B0007NFL18,PLW,5
B0007NFL18,PNG,5
B0007NFL18,POL,6
B0007NFL18,PRI,6
B0007NFL18,PRK,5
B0007NFL18,PRT,4
B0007NFL18,PRY,4
B0007NFL18,PSE,7
B0007NFL18,PYF,8
B0007NFL18,QAT,5
B0007NFL18,REU,6
B0007NFL18,ROU,8
B0007NFL18,RUS,5
B0007NFL18,RWA,5
B0007NFL18,SAU,4
B0007NFL18,SDN,5
B0007NFL18,SEN,7
B0007NFL18,SGP,7
B0007NFL18,SHN,5
B0007NFL18,SJM,1
B0007NFL18,SLB,5
B0007NFL18,SLE,4
B0007NFL18,SLV,2
B0007NFL18,SMR,3
B0007NFL18,SOM,3
B0007NFL18,SPM,2
B0007NFL18,SRB,5
B0007NFL18,STP,3
B0007NFL18,SUR,5
B0007NFL18,SVK,3
B0007NFL18,SVN,2
B0007NFL18,SWE,6
B0007NFL18,SWZ,4
B0007NFL18,SYC,5
B0007NFL18,SYR,3
B0007NFL18,TCA,5
B0007NFL18,TCD,2
B0007NFL18,TGO,3
B0007NFL18,THA,9
B0007NFL18,TJK,5
B0007NFL18,TKL,7
B0007NFL18,TKM,5
B0007NFL18,TLS,6
B0007NFL18,TON,5
B0007NFL18,TTO,4
B0007NFL18,TUN,5
B0007NFL18,TUR,6
B0007NFL18,TUV,2
B0007NFL18,UGA,9
B0007NFL18,UKR,5
B0007NFL18,URY,5
B0007NFL18,USA,6
B0007NFL18,UZB,4
B0007NFL18,VAT,5
B0007NFL18,VCT,1
B0007NFL18,VEN,4
B0007NFL18,VGB,8
B0007NFL18,VIR,7
B0007NFL18,VNM,2
B0007NFL18,VUT,2
B0007NFL18,WLF,2
B0007NFL18,WSM,8
B0007NFL18,YEM,6
B0007NFL18,ZAF,3
B0007NFL18,ZMB,8
B0007NFL18,ZWE,6
B000BGR18W,ABW,5
B000BGR18W,AFG,8
B000BGR18W,AGO,6
B000BGR18W,AIA,6
B000BGR18W,ALA,3
B000BGR18W,ALB,4
B000BGR18W,AND,6
B000BGR18W,ANT,5
B000BGR18W,ARE,12
B000BGR18W,ARG,9
B000BGR18W,ARM,7
B000BGR18W,ASM,3
B000BGR18W,ATG,7
B000BGR18W,AUS,9
B000BGR18W,AUT,6
B000BGR18W,AZE,5
B000BGR18W,BDI,9
B000BGR18W,BEL,7
B000BGR18W,BEN,5
B000BGR18W,BFA,7
B000BGR18W,BGD,5
B000BGR18W,BGR,7
B000BGR18W,BHR,6
B000BGR18W,BHS,8
B000BGR18W,BIH,5
B000BGR18W,BLM,3
B000BGR18W,BLR,5
B000BGR18W,BLZ,6
B000BGR18W,BMU,3
B000BGR18W,BOL,1
B000BGR18W,BRA,4
B000BGR18W,BRB,8
B000BGR18W,BRN,5
B000BGR18W,BTN,10
B000BGR18W,BWA,5
B000BGR18W,CAF,7
B000BGR18W,CAN,8
B000BGR18W,CHE,5
B000BGR18W,CHL,8
B000BGR18W,CHN,1
B000BGR18W,CIV,6
B000BGR18W,CMR,7
B000BGR18W,COD,3
B000BGR18W,COG,2
B000BGR18W,COK,7
B000BGR18W,COL,7
B000BGR18W,COM,3
B000BGR18W,CPV,10
B000BGR18W,CRI,7
B000BGR18W,CUB,10
B000BGR18W,CYM,1
B000BGR18W,CYP,5
B000BGR18W,CZE,5
B000BGR18W,DEU,3
B000BGR18W,DJI,13
B000BGR18W,DMA,4
B000BGR18W,DNK,4
B000BGR18W,DOM,6
B000BGR18W,DZA,3
B000BGR18W,ECU,10
B000BGR18W,EGY,6
B000BGR18W,ERI,5
B000BGR18W,ESH,6
B000BGR18W,ESP,6
B000BGR18W,EST,5
B000BGR18W,ETH,4
B000BGR18W,FIN,7
B000BGR18W,FJI,7
B000BGR18W,FLK,2
B000BGR18W,FRA,3
B000BGR18W,FRO,4
B000BGR18W,FSM,6
B000BGR18W,GAB,7
B000BGR18W,GBR,8
B000BGR18W,GEO,6
B000BGR18W,GHA,7
B000BGR18W,GIB,10
B000BGR18W,GIN,6
B000BGR18W,GLP,5
B000BGR18W,GMB,7
B000BGR18W,GNB,4
B000BGR18W,GNQ,4
B000BGR18W,GRC,5
B000BGR18W,GRD,9
B000BGR18W,GRL,4
B000BGR18W,GTM,11
B000BGR18W,GUF,6
B000BGR18W,GUM,4
B000BGR18W,GUY,9
B000BGR18W,HKG,6
B000BGR18W,HND,11
B000BGR18W,HRV,7
B000BGR18W,HTI,5
B000BGR18W,HUN,5
B000BGR18W,IDN,7
B000BGR18W,IMN,4
B000BGR18W,IND,12
B000BGR18W,IRL,4
B000BGR18W,IRN,3
B000BGR18W,IRQ,6
B000BGR18W,ISL,10
B000BGR18W,ISR,5
B000BGR18W,ITA,6
B000BGR18W,JAM,4
B000BGR18W,JEY,10
B000BGR18W,JOR,5
B000BGR18W,JPN,7
B000BGR18W,KAZ,3
B000BGR18W,KEN,11
B000BGR18W,KGZ,6
B000BGR18W,KHM,3
B000BGR18W,KIR,6
B000BGR18W,KNA,4
B000BGR18W,KOR,7
B000BGR18W,KWT,3
B000BGR18W,LAO,9
B000BGR18W,LBN,3
B000BGR18W,LBR,6
B000BGR18W,LBY,3
B000BGR18W,LCA,3
B000BGR18W,LIE,6
B000BGR18W,LKA,8
B000BGR18W,LSO,7
B000BGR18W,LTU,4
B000BGR18W,LUX,8
B000BGR18W,LVA,4
B000BGR18W,MAC,7
B000BGR18W,MAF,8
B000BGR18W,MAR,4
B000BGR18W,MCO,11
B000BGR18W,MDA,2
B000BGR18W,MDG,4
B000BGR18W,MDV,10
B000BGR18W,MEX,3
B000BGR18W,MHL,10
B000BGR18W,MKD,5
B000BGR18W,MLI,7
B000BGR18W,MLT,4
B000BGR18W,MMR,4
B000BGR18W,MNE,9
B000BGR18W,MNG,4
B000BGR18W,MNP,7
B000BGR18W,MOZ,3
B000BGR18W,MRT,5
B000BGR18W,MSR,2
B000BGR18W,MTQ,7
B000BGR18W,MUS,6
B000BGR18W,MWI,10
B000BGR18W,MYS,8
B000BGR18W,MYT,8
B000BGR18W,NAM,10
B000BGR18W,NCL,4
B000BGR18W,NER,3
B000BGR18W,NFK,4
B000BGR18W,NGA,3
B000BGR18W,NIC,5
B000BGR18W,NIU,4
B000BGR18W,NLD,6
B000BGR18W,NOR,7
B000BGR18W,NPL,8
B000BGR18W,NRU,10
B000BGR18W,NZL,7
B000BGR18W,OMN,6
B000BGR18W,PAK,5
B000BGR18W,PAN,5
B000BGR18W,PCN,8
B000BGR18W,PER,7
B000BGR18W,PHL,5
B000BGR18W,PLW,6
B000BGR18W,PNG,4
B000BGR18W,POL,2
B000BGR18W,PRI,10
B000BGR18W,PRK,8
B000BGR18W,PRT,5
B000BGR18W,PRY,7
B000BGR18W,PSE,2
B000BGR18W,PYF,4
B000BGR18W,QAT,10
B000BGR18W,REU,3
B000BGR18W,ROU,3
B000BGR18W,RUS,4
B000BGR18W,RWA,7
B000BGR18W,SAU,4
B000BGR18W,SDN,12
B000BGR18W,SEN,8
B000BGR18W,SGP,6
B000BGR18W,SHN,7
B000BGR18W,SJM,3
B000BGR18W,SLB,5
B000BGR18W,SLE,8
B000BGR18W,SLV,10
B000BGR18W,SMR,4
B000BGR18W,SOM,6
B000BGR18W,SPM,6
B000BGR18W,SRB,6
B000BGR18W,STP,4
B000BGR18W,SUR,4
B000BGR18W,SVK,2
B000BGR18W,SVN,12
B000BGR18W,SWE,8
B000BGR18W,SWZ,7
B000BGR18W,SYC,5
B000BGR18W,SYR,7
B000BGR18W,TCA,11
B000BGR18W,TCD,8
B000BGR18W,TGO,8
B000BGR18W,THA,8
B000BGR18W,TJK,2
B000BGR18W,TKL,2
B000BGR18W,TKM,6
B000BGR18W,TLS,3
B000BGR18W,TON,4
B000BGR18W,TTO,5
B000BGR18W,TUN,8
B000BGR18W,TUR,5
B000BGR18W,TUV,2
B000BGR18W,TZA,5
B000BGR18W,UGA,4
B000BGR18W,UKR,5
B000BGR18W,URY,4
B000BGR18W,USA,9
B000BGR18W,UZB,5
B000BGR18W,VAT,7
B000BGR18W,VCT,1
B000BGR18W,VEN,9
B000BGR18W,VGB,4
B000BGR18W,VIR,2
B000BGR18W,VNM,8
B000BGR18W,VUT,6
B000BGR18W,WLF,3
B000BGR18W,WSM,7
B000BGR18W,YEM,7
B000BGR18W,ZAF,3
B000BGR18W,ZMB,4
B000BGR18W,ZWE,8
B000IY04RC,ABW,7
B000IY04RC,AFG,3
B000IY04RC,AGO,6
B000IY04RC,AIA,3
B000IY04RC,ALA,3
B000IY04RC,ALB,2
B000IY04RC,AND,3
B000IY04RC,ANT,9
B000IY04RC,ARE,7
B000IY04RC,ARG,2
B000IY04RC,ARM,6
B000IY04RC,ASM,4
B000IY04RC,ATG,2
B000IY04RC,AUS,3
B000IY04RC,AUT,6
B000IY04RC,AZE,4
B000IY04RC,BEL,2
B000IY04RC,BEN,2
B000IY04RC,BFA,5
B000IY04RC,BGD,4
B000IY04RC,BGR,4
B000IY04RC,BHR,7
B000IY04RC,BHS,3
B000IY04RC,BIH,5
B000IY04RC,BLM,5
B000IY04RC,BLR,4
B000IY04RC,BLZ,1
B000IY04RC,BMU,3
B000IY04RC,BOL,8
B000IY04RC,BRA,4
B000IY04RC,BRB,2
B000IY04RC,BRN,8
B000IY04RC,BTN,2
B000IY04RC,BWA,3
B000IY04RC,CAF,4
B000IY04RC,CAN,2
B000IY04RC,CHE,2
B000IY04RC,CHL,5
B000IY04RC,CHN,3
B000IY04RC,CIV,4
B000IY04RC,CMR,4
B000IY04RC,COD,3
B000IY04RC,COG,3
B000IY04RC,COK,4
B000IY04RC,COL,6
B000IY04RC,COM,4
B000IY04RC,CPV,2
B000IY04RC,CRI,3
B000IY04RC,CUB,5
B000IY04RC,CYM,7
B000IY04RC,CYP,2
B000IY04RC,CZE,3
B000IY04RC,DEU,5
B000IY04RC,DJI,3
B000IY04RC,DMA,9
B000IY04RC,DNK,7
B000IY04RC,DOM,4
B000IY04RC,DZA,4
B000IY04RC,ECU,4
B000IY04RC,EGY,4
B000IY04RC,ERI,2
B000IY04RC,ESH,4
B000IY04RC,ESP,3
B000IY04RC,EST,6
B000IY04RC,ETH,8
B000IY04RC,FIN,1
B000IY04RC,FJI,4
B000IY04RC,FLK,1
B000IY04RC,FRA,4
B000IY04RC,FRO,1
B000IY04RC,FSM,7
B000IY04RC,GAB,4
B000IY04RC,GBR,4
B000IY04RC,GEO,8
B000IY04RC,GGY,6
B000IY04RC,GHA,3
B000IY04RC,GIB,5
B000IY04RC,GIN,6
B000IY04RC,GLP,3
B000IY04RC,GMB,4
B000IY04RC,GNB,5
B000IY04RC,GNQ,3
B000IY04RC,GRC,5
B000IY04RC,GRD,5
B000IY04RC,GRL,6
B000IY04RC,GTM,2
B000IY04RC,GUF,6
B000IY04RC,GUM,3
B000IY04RC,GUY,5
B000IY04RC,HKG,2
B000IY04RC,HND,3
B000IY04RC,HRV,3
B000IY04RC,HTI,5
B000IY04RC,HUN,5
B000IY04RC,IDN,3
B000IY04RC,IMN,6
B000IY04RC,IND,4
B000IY04RC,IRL,1
B000IY04RC,IRN,4
B000IY04RC,IRQ,3
B000IY04RC,ISL,3
B000IY04RC,ISR,1
B000IY04RC,ITA,4
B000IY04RC,JAM,6
B000IY04RC,JEY,1
B000IY04RC,JOR,4
B000IY04RC,JPN,7
B000IY04RC,KAZ,1
B000IY04RC,KEN,2
B000IY04RC,KGZ,3
B000IY04RC,KHM,6
B000IY04RC,KIR,3
B000IY04RC,KNA,3
B000IY04RC,KOR,5
B000IY04RC,KWT,3
B000IY04RC,LAO,6
B000IY04RC,LBN,7
B000IY04RC,LBR,2
B000IY04RC,LBY,2
B000IY04RC,LCA,1
B000IY04RC,LIE,4
B000IY04RC,LKA,5
B000IY04RC,LSO,4
B000IY04RC,LTU,3
B000IY04RC,LUX,5
B000IY04RC,LVA,8
B000IY04RC,MAC,6
B000IY04RC,MAF,3
B000IY04RC,MAR,10
B000IY04RC,MCO,5
B000IY04RC,MDA,5
B000IY04RC,MDG,2
B000IY04RC,MDV,4
B000IY04RC,MEX,4
B000IY04RC,MHL,5
B000IY04RC,MKD,1
B000IY04RC,MLI,2
B000IY04RC,MLT,3
B000IY04RC,MMR,3
B000IY04RC,MNE,2
B000IY04RC,MNG,5
B000IY04RC,MNP,8
B000IY04RC,MOZ,2
B000IY04RC,MRT,1
B000IY04RC,MSR,4
B000IY04RC,MTQ,6
B000IY04RC,MUS,4
B000IY04RC,MWI,2
B000IY04RC,MYS,5
B000IY04RC,MYT,5
B000IY04RC,NAM,5
B000IY04RC,NCL,9
B000IY04RC,NER,1
B000IY04RC,NFK,3
B000IY04RC,NGA,5
B000IY04RC,NIC,1
B000IY04RC,NIU,5
B000IY04RC,NLD,4
B000IY04RC,NOR,5
B000IY04RC,NPL,4
B000IY04RC,NRU,7
B000IY04RC,NZL,5
B000IY04RC,OMN,4
B000IY04RC,PAK,1
B000IY04RC,PAN,3
B000IY04RC,PCN,1
B000IY04RC,PER,5
B000IY04RC,PHL,2
B000IY04RC,PNG,5
B000IY04RC,POL,3
B000IY04RC,PRI,6
B000IY04RC,PRK,2
B000IY04RC,PRT,4
B000IY04RC,PRY,5
B000IY04RC,PSE,6
B000IY04RC,PYF,7
B000IY04RC,QAT,2
B000IY04RC,REU,6
B000IY04RC,ROU,6
B000IY04RC,RUS,2
B000IY04RC,RWA,4
B000IY04RC,SAU,5
B000IY04RC,SDN,3
B000IY04RC,SEN,4
B000IY04RC,SGP,5
B000IY04RC,SHN,3
B000IY04RC,SJM,4
B000IY04RC,SLB,3
B000IY04RC,SLE,3
B000IY04RC,SLV,7
B000IY04RC,SMR,4
B000IY04RC,SOM,6
B000IY04RC,SPM,5
B000IY04RC,SRB,3
B000IY04RC,STP,4
B000IY04RC,SUR,2
B000IY04RC,SVK,4
B000IY04RC,SVN,4
B000IY04RC,SWZ,5
B000IY04RC,SYC,1
B000IY04RC,SYR,6
B000IY04RC,TCA,7
B000IY04RC,TCD,4
B000IY04RC,TGO,5
B000IY04RC,THA,3
B000IY04RC,TJK,4
B000IY04RC,TKL,6
B000IY04RC,TKM,4
B000IY04RC,TLS,6
B000IY04RC,TON,9
B000IY04RC,TTO,6
B000IY04RC,TUN,3
B000IY04RC,TUR,4
B000IY04RC,TUV,6
B000IY04RC,TZA,7
B000IY04RC,UGA,4
B000IY04RC,UKR,6
B000IY04RC,URY,8
B000IY04RC,USA,6
B000IY04RC,UZB,5
B000IY04RC,VAT,3
B000IY04RC,VEN,4
B000IY04RC,VGB,2
B000IY04RC,VNM,4
B000IY04RC,VUT,4
B000IY04RC,WLF,2
B000IY04RC,WSM,4
B000IY04RC,YEM,5
B000IY04RC,ZAF,3
B000IY04RC,ZMB,2
B000IY04RC,ZWE,5
B000N2G3RY,ABW,4
B000N2G3RY,AFG,5
B000N2G3RY,AGO,6
B000N2G3RY,AIA,5
B000N2G3RY,ALA,5
B000N2G3RY,ALB,5
B000N2G3RY,AND,4
B000N2G3RY,ANT,3
B000N2G3RY,ARE,2
B000N2G3RY,ARG,3
B000N2G3RY,ARM,4
B000N2G3RY,ASM,4
B000N2G3RY,ATG,4
B000N2G3RY,AUS,3
B000N2G3RY,AUT,4
B000N2G3RY,AZE,8
B000N2G3RY,BDI,3
B000N2G3RY,BEL,6
B000N2G3RY,BEN,5
B000N2G3RY,BGD,3
B000N2G3RY,BGR,4
B000N2G3RY,BHR,1
B000N2G3RY,BHS,4
B000N2G3RY,BIH,2
B000N2G3RY,BLM,6
B000N2G3RY,BLZ,5
B000N2G3RY,BMU,2
B000N2G3RY,BOL,3
B000N2G3RY,BRA,1
B000N2G3RY,BRB,6
B000N2G3RY,BRN,3
B000N2G3RY,BTN,4
B000N2G3RY,BWA,4
B000N2G3RY,CAF,3
B000N2G3RY,CAN,5
B000N2G3RY,CHE,4
B000N2G3RY,CHL,3
B000N2G3RY,CHN,3
B000N2G3RY,CIV,7
B000N2G3RY,CMR,5
B000N2G3RY,COD,4
B000N2G3RY,COG,4
B000N2G3RY,COK,4
B000N2G3RY,COL,5
B000N2G3RY,CPV,4
B000N2G3RY,CRI,6
B000N2G3RY,CUB,8
B000N2G3RY,CYM,4
B000N2G3RY,CYP,5
B000N2G3RY,CZE,5
B000N2G3RY,DEU,4
B000N2G3RY,DJI,3
B000N2G3RY,DMA,6
B000N2G3RY,DNK,4
B000N2G3RY,DOM,4
B000N2G3RY,DZA,7
B000N2G3RY,ECU,3
B000N2G3RY,EGY,4
B000N2G3RY,ERI,5
B000N2G3RY,ESH,1
B000N2G3RY,ESP,6
B000N2G3RY,EST,3
B000N2G3RY,ETH,3
B000N2G3RY,FJI,6
B000N2G3RY,FLK,6
B000N2G3RY,FRA,2
B000N2G3RY,FRO,4
B000N2G3RY,FSM,2
B000N2G3RY,GAB,2
B000N2G3RY,GBR,4
B000N2G3RY,GEO,2
B000N2G3RY,GGY,5
B000N2G3RY,GHA,8
B000N2G3RY,GIB,5
B000N2G3RY,GIN,3
B000N2G3RY,GLP,5
B000N2G3RY,GMB,2
B000N2G3RY,GNB,4
B000N2G3RY,GNQ,5
B000N2G3RY,GRC,6
B000N2G3RY,GRD,3
B000N2G3RY,GRL,5
B000N2G3RY,GTM,3
B000N2G3RY,GUF,2
B000N2G3RY,GUM,7
B000N2G3RY,GUY,1
B000N2G3RY,HKG,8
B000N2G3RY,HND,4
B000N2G3RY,HRV,4
B000N2G3RY,HTI,6
B000N2G3RY,HUN,2
B000N2G3RY,IDN,2
B000N2G3RY,IMN,9
B000N2G3RY,IND,6
B000N2G3RY,IRL,2
B000N2G3RY,IRN,1
B000N2G3RY,IRQ,5
B000N2G3RY,ISL,4
B000N2G3RY,ISR,7
B000N2G3RY,ITA,1
B000N2G3RY,JAM,1
B000N2G3RY,JEY,3
B000N2G3RY,JOR,5
B000N2G3RY,JPN,2
B000N2G3RY,KAZ,2
B000N2G3RY,KEN,9
B000N2G3RY,KGZ,3
B000N2G3RY,KHM,3
B000N2G3RY,KIR,5
B000N2G3RY,KNA,2
B000N2G3RY,KOR,4
B000N2G3RY,LAO,5
B000N2G3RY,LBN,3
B000N2G3RY,LBR,3
B000N2G3RY,LBY,6
B000N2G3RY,LCA,5
B000N2G3RY,LIE,6
B000N2G3RY,LKA,3
B000N2G3RY,LSO,4
B000N2G3RY,LTU,3
B000N2G3RY,LUX,3
B000N2G3RY,LVA,1
B000N2G3RY,MAC,4
B000N2G3RY,MAF,8
B000N2G3RY,MAR,5
B000N2G3RY,MCO,2
B000N2G3RY,MDA,2
B000N2G3RY,MDG,3
B000N2G3RY,MDV,5
B000N2G3RY,MEX,5
B000N2G3RY,MHL,3
B000N2G3RY,MKD,2
B000N2G3RY,MLI,2
B000N2G3RY,MLT,7
B000N2G3RY,MMR,4
B000N2G3RY,MNE,2
B000N2G3RY,MNG,1
B000N2G3RY,MNP,9
B000N2G3RY,MOZ,7
B000N2G3RY,MRT,3
B000N2G3RY,MSR,3
B000N2G3RY,MTQ,3
B000N2G3RY,MUS,4
B000N2G3RY,MWI,5
B000N2G3RY,MYS,2
B000N2G3RY,MYT,3
B000N2G3RY,NCL,2
B000N2G3RY,NER,4
B000N2G3RY,NFK,4
B000N2G3RY,NGA,3
B000N2G3RY,NIC,5
B000N2G3RY,NIU,2
B000N2G3RY,NLD,3
B000N2G3RY,NOR,2
B000N2G3RY,NPL,7
B000N2G3RY,NRU,3
B000N2G3RY,NZL,3
B000N2G3RY,OMN,4
B000N2G3RY,PAN,3
B000N2G3RY,PCN,7
B000N2G3RY,PER,3
B000N2G3RY,PHL,5
B000N2G3RY,PLW,3
B000N2G3RY,PNG,1
B000N2G3RY,POL,4
B000N2G3RY,PRI,8
B000N2G3RY,PRK,6
B000N2G3RY,PRT,5
B000N2G3RY,PRY,6
B000N2G3RY,PSE,2
B000N2G3RY,PYF,3
B000N2G3RY,QAT,2
B000N2G3RY,REU,9
B000N2G3RY,ROU,4
B000N2G3RY,RUS,5
B000N2G3RY,RWA,4
B000N2G3RY,SAU,2
B000N2G3RY,SDN,8
B000N2G3RY,SEN,6
B000N2G3RY,SGP,2
B000N2G3RY,SHN,5
B000N2G3RY,SJM,5
B000N2G3RY,SLB,6
B000N2G3RY,SLE,3
B000N2G3RY,SLV,7
B000N2G3RY,SMR,2
B000N2G3RY,SOM,4
B000N2G3RY,SPM,4
B000N2G3RY,SRB,6
B000N2G3RY,STP,6
B000N2G3RY,SUR,7
B000N2G3RY,SVK,4
B000N2G3RY,SVN,5
B000N2G3RY,SWE,2
B000N2G3RY,SWZ,3
B000N2G3RY,SYC,6
B000N2G3RY,SYR,5
B000N2G3RY,TCA,2
B000N2G3RY,TCD,6
B000N2G3RY,TGO,4
B000N2G3RY,THA,6
B000N2G3RY,TJK,3
B000N2G3RY,TKL,3
B000N2G3RY,TKM,2
B000N2G3RY,TLS,5
B000N2G3RY,TON,9
B000N2G3RY,TTO,5
B000N2G3RY,TUN,4
B000N2G3RY,TUR,3
B000N2G3RY,TUV,4
B000N2G3RY,TZA,2
B000N2G3RY,UGA,5
B000N2G3RY,UKR,3
B000N2G3RY,URY,3
B000N2G3RY,UZB,5
B000N2G3RY,VAT,4
B000N2G3RY,VCT,4
B000N2G3RY,VEN,7
B000N2G3RY,VGB,5
B000N2G3RY,VIR,3
B000N2G3RY,VNM,2
B000N2G3RY,VUT,1
B000N2G3RY,WLF,1
B000N2G3RY,WSM,2
B000N2G3RY,YEM,2
B000N2G3RY,ZAF,1
B000N2G3RY,ZMB,7
B000N2G3RY,ZWE,3
B0026P3G12,ABW,9
B0026P3G12,AFG,9
B0026P3G12,AGO,7
B0026P3G12,AIA,6
B0026P3G12,ALA,7
B0026P3G12,ALB,6
B0026P3G12,AND,8
B0026P3G12,ANT,10
B0026P3G12,ARE,12
B0026P3G12,ARG,7
B0026P3G12,ARM,6
B0026P3G12,ASM,6
B0026P3G12,ATG,9
B0026P3G12,AUS,7
B0026P3G12,AUT,9
B0026P3G12,AZE,6
B0026P3G12,BDI,12
B0026P3G12,BEL,10
B0026P3G12,BEN,10
B0026P3G12,BFA,6
B0026P3G12,BGD,11
B0026P3G12,BGR,7
B0026P3G12,BHR,5
B0026P3G12,BHS,8
B0026P3G12,BIH,7
B0026P3G12,BLM,5
B0026P3G12,BLR,6
B0026P3G12,BLZ,4
B0026P3G12,BMU,7
B0026P3G12,BOL,9
B0026P3G12,BRA,11
B0026P3G12,BRB,8
B0026P3G12,BRN,5
B0026P3G12,BTN,8
B0026P3G12,BWA,9
B0026P3G12,CAF,6
B0026P3G12,CAN,10
B0026P3G12,CHE,13
B0026P3G12,CHL,9
B0026P3G12,CHN,9
B0026P3G12,CIV,6
B0026P3G12,CMR,9
B0026P3G12,COD,8
B0026P3G12,COG,11
B0026P3G12,COK,6
B0026P3G12,COL,13
B0026P3G12,COM,10
B0026P3G12,CPV,5
B0026P3G12,CRI,8
B0026P3G12,CUB,10
B0026P3G12,CYM,9
B0026P3G12,CYP,11
B0026P3G12,CZE,5
B0026P3G12,DEU,8
B0026P3G12,DJI,9
B0026P3G12,DMA,9
B0026P3G12,DNK,7
B0026P3G12,DOM,4
B0026P3G12,DZA,6
B0026P3G12,ECU,10
B0026P3G12,EGY,7
B0026P3G12,ERI,7
B0026P3G12,ESH,9
B0026P3G12,ESP,6
B0026P3G12,EST,10
B0026P3G12,ETH,9
B0026P3G12,FIN,8
B0026P3G12,FJI,8
B0026P3G12,FLK,6
B0026P3G12,FRA,7
B0026P3G12,FRO,12
B0026P3G12,FSM,11
B0026P3G12,GAB,7
B0026P3G12,GBR,7
B0026P3G12,GEO,12
B0026P3G12,GGY,8
B0026P3G12,GHA,10
B0026P3G12,GIB,5
B0026P3G12,GIN,10
B0026P3G12,GLP,8
B0026P3G12,GMB,8
B0026P3G12,GNB,9
B0026P3G12,GNQ,9
B0026P3G12,GRC,9
B0026P3G12,GRD,5
B0026P3G12,GRL,9
B0026P3G12,GTM,8
B0026P3G12,GUF,10
B0026P3G12,GUM,7
B0026P3G12,GUY,10
B0026P3G12,HKG,9
B0026P3G12,HND,7
B0026P3G12,HRV,6
B0026P3G12,HTI,6
B0026P3G12,HUN,7
B0026P3G12,IDN,10
B0026P3G12,IMN,6
B0026P3G12,IND,10
B0026P3G12,IRL,8
B0026P3G12,IRN,11
B0026P3G12,IRQ,6
B0026P3G12,ISL,5
B0026P3G12,ISR,8
B0026P3G12,ITA,5
B0026P3G12,JAM,10
B0026P3G12,JEY,12
B0026P3G12,JOR,8
B0026P3G12,JPN,5
B0026P3G12,KAZ,7
B0026P3G12,KEN,11
B0026P3G12,KGZ,11
B0026P3G12,KHM,10
B0026P3G12,KIR,8
B0026P3G12,KNA,6
B0026P3G12,KOR,11
B0026P3G12,KWT,13
B0026P3G12,LAO,8
B0026P3G12,LBN,7
B0026P3G12,LBR,4
B0026P3G12,LBY,10
B0026P3G12,LCA,12
B0026P3G12,LIE,7
B0026P3G12,LKA,8
B0026P3G12,LSO,8
B0026P3G12,LTU,4
B0026P3G12,LUX,12
B0026P3G12,LVA,5
B0026P3G12,MAC,11
B0026P3G12,MAF,11
B0026P3G12,MAR,10
B0026P3G12,MCO,6
B0026P3G12,MDA,10
B0026P3G12,MDG,5
B0026P3G12,MDV,8
B0026P3G12,MEX,8
B0026P3G12,MHL,6
B0026P3G12,MKD,15
B0026P3G12,MLI,8
B0026P3G12,MLT,6
B0026P3G12,MMR,8
B0026P3G12,MNE,7
B0026P3G12,MNG,8
B0026P3G12,MNP,9
B0026P3G12,MOZ,9
B0026P3G12,MRT,8
B0026P3G12,MSR,5
B0026P3G12,MTQ,8
B0026P3G12,MUS,7
B0026P3G12,MWI,5
B0026P3G12,MYS,6
B0026P3G12,MYT,10
B0026P3G12,NAM,11
B0026P3G12,NCL,12
B0026P3G12,NER,7
B0026P3G12,NFK,5
B0026P3G12,NGA,7
B0026P3G12,NIC,10
B0026P3G12,NIU,15
B0026P3G12,NLD,11
B0026P3G12,NOR,10
B0026P3G12,NPL,3
B0026P3G12,NRU,4
B0026P3G12,NZL,10
B0026P3G12,OMN,10
B0026P3G12,PAK,3
B0026P3G12,PAN,8
B0026P3G12,PCN,7
B0026P3G12,PER,10
B0026P3G12,PHL,6
B0026P3G12,PLW,9
B0026P3G12,PNG,8
B0026P3G12,POL,9
B0026P3G12,PRI,9
B0026P3G12,PRK,12
B0026P3G12,PRT,11
B0026P3G12,PRY,8
B0026P3G12,PSE,11
B0026P3G12,PYF,10
B0026P3G12,QAT,7
B0026P3G12,REU,3
B0026P3G12,ROU,5
B0026P3G12,RUS,9
B0026P3G12,RWA,6
B0026P3G12,SAU,6
B0026P3G12,SDN,12
B0026P3G12,SEN,8
B0026P3G12,SGP,9
B0026P3G12,SHN,7
B0026P3G12,SJM,5
B0026P3G12,SLB,10
B0026P3G12,SLE,13
B0026P3G12,SLV,11
B0026P3G12,SMR,6
B0026P3G12,SOM,7
B0026P3G12,SPM,9
B0026P3G12,SRB,7
B0026P3G12,STP,6
B0026P3G12,SUR,8
B0026P3G12,SVK,12
B0026P3G12,SVN,9
B0026P3G12,SWE,14
B0026P3G12,SWZ,7
B0026P3G12,SYC,14
B0026P3G12,SYR,9
B0026P3G12,TCA,7
B0026P3G12,TCD,12
B0026P3G12,TGO,7
B0026P3G12,THA,9
B0026P3G12,TJK,15
B0026P3G12,TKL,9
B0026P3G12,TKM,7
B0026P3G12,TLS,7
B0026P3G12,TON,8
B0026P3G12,TTO,6
B0026P3G12,TUN,4
B0026P3G12,TUR,11
B0026P3G12,TUV,6
B0026P3G12,TZA,10
B0026P3G12,UGA,7
B0026P3G12,UKR,8
B0026P3G12,URY,2
B0026P3G12,USA,9
B0026P3G12,UZB,13
B0026P3G12,VAT,6
B0026P3G12,VCT,10
B0026P3G12,VEN,6
B0026P3G12,VGB,6
B0026P3G12,VIR,8
B0026P3G12,VNM,7
B0026P3G12,VUT,7
B0026P3G12,WLF,6
B0026P3G12,WSM,4
B0026P3G12,YEM,8
B0026P3G12,ZAF,5
B0026P3G12,ZMB,8
B0026P3G12,ZWE,4
B004D1GZ2E,ABW,12
B004D1GZ2E,AFG,7
B004D1GZ2E,AGO,11
B004D1GZ2E,AIA,10
B004D1GZ2E,ALA,6
B004D1GZ2E,ALB,6
B004D1GZ2E,AND,9
B004D1GZ2E,ANT,12
B004D1GZ2E,ARE,11
B004D1GZ2E,ARG,9
B004D1GZ2E,ARM,12
B004D1GZ2E,ASM,9
B004D1GZ2E,ATG,4
B004D1GZ2E,AUS,3
B004D1GZ2E,AUT,11
B004D1GZ2E,AZE,10
B004D1GZ2E,BDI,8
B004D1GZ2E,BEL,8
B004D1GZ2E,BEN,8
B004D1GZ2E,BFA,12
B004D1GZ2E,BGD,8
B004D1GZ2E,BGR,11
B004D1GZ2E,BHR,8
B004D1GZ2E,BHS,7
B004D1GZ2E,BIH,8
B004D1GZ2E,BLM,11
B004D1GZ2E,BLR,5
B004D1GZ2E,BLZ,9
B004D1GZ2E,BMU,6
B004D1GZ2E,BOL,4
B004D1GZ2E,BRA,4
B004D1GZ2E,BRB,13
B004D1GZ2E,BRN,5
B004D1GZ2E,BTN,11
B004D1GZ2E,BWA,7
B004D1GZ2E,CAF,13
B004D1GZ2E,CAN,9
B004D1GZ2E,CHE,11
B004D1GZ2E,CHL,7
B004D1GZ2E,CHN,9
B004D1GZ2E,CIV,9
B004D1GZ2E,CMR,6
B004D1GZ2E,COD,10
B004D1GZ2E,COG,9
B004D1GZ2E,COK,11
B004D1GZ2E,COL,11
B004D1GZ2E,COM,10
B004D1GZ2E,CPV,10
B004D1GZ2E,CRI,7
B004D1GZ2E,CUB,4
B004D1GZ2E,CYM,5
B004D1GZ2E,CYP,12
B004D1GZ2E,CZE,8
B004D1GZ2E,DEU,7
B004D1GZ2E,DJI,6
B004D1GZ2E,DMA,12
B004D1GZ2E,DNK,13
B004D1GZ2E,DOM,9
B004D1GZ2E,DZA,11
B004D1GZ2E,ECU,9
B004D1GZ2E,EGY,5
B004D1GZ2E,ERI,8
B004D1GZ2E,ESH,3
B004D1GZ2E,ESP,4
B004D1GZ2E,EST,8
B004D1GZ2E,ETH,4
B004D1GZ2E,FIN,9
B004D1GZ2E,FJI,14
B004D1GZ2E,FLK,10
B004D1GZ2E,FRA,7
B004D1GZ2E,FRO,9
B004D1GZ2E,FSM,16
B004D1GZ2E,GAB,6
B004D1GZ2E,GBR,8
B004D1GZ2E,GEO,5
B004D1GZ2E,GGY,6
B004D1GZ2E,GHA,8
B004D1GZ2E,GIB,9
B004D1GZ2E,GIN,10
B004D1GZ2E,GLP,9
B004D1GZ2E,GMB,6
B004D1GZ2E,GNB,3
B004D1GZ2E,GNQ,6
B004D1GZ2E,GRC,15
B004D1GZ2E,GRD,6
B004D1GZ2E,GRL,14
B004D1GZ2E,GTM,4
B004D1GZ2E,GUF,7
B004D1GZ2E,GUM,6
B004D1GZ2E,GUY,11
B004D1GZ2E,HKG,7
B004D1GZ2E,HND,5
B004D1GZ2E,HRV,10
B004D1GZ2E,HTI,13
B004D1GZ2E,HUN,12
B004D1GZ2E,IDN,8
B004D1GZ2E,IMN,9
B004D1GZ2E,IND,12
B004D1GZ2E,IRL,8
B004D1GZ2E,IRN,9
B004D1GZ2E,IRQ,10
B004D1GZ2E,ISL,10
B004D1GZ2E,ISR,9
B004D1GZ2E,ITA,12
B004D1GZ2E,JAM,4
B004D1GZ2E,JEY,8
B004D1GZ2E,JOR,8
B004D1GZ2E,JPN,12
B004D1GZ2E,KAZ,7
B004D1GZ2E,KEN,5
B004D1GZ2E,KGZ,9
B004D1GZ2E,KHM,7
B004D1GZ2E,KIR,1
B004D1GZ2E,KNA,6
B004D1GZ2E,KOR,9
B004D1GZ2E,KWT,8
B004D1GZ2E,LAO,8
B004D1GZ2E,LBN,10
B004D1GZ2E,LBR,5
B004D1GZ2E,LBY,2
B004D1GZ2E,LCA,8
B004D1GZ2E,LIE,7
B004D1GZ2E,LKA,3
B004D1GZ2E,LSO,5
B004D1GZ2E,LTU,4
B004D1GZ2E,LUX,8
B004D1GZ2E,LVA,9
B004D1GZ2E,MAC,9
B004D1GZ2E,MAF,11
B004D1GZ2E,MAR,6
B004D1GZ2E,MCO,10
B004D1GZ2E,MDA,10
B004D1GZ2E,MDG,11
B004D1GZ2E,MDV,10
B004D1GZ2E,MEX,4
B004D1GZ2E,MHL,7
B004D1GZ2E,MKD,9
B004D1GZ2E,MLI,5
B004D1GZ2E,MLT,9
B004D1GZ2E,MMR,4
B004D1GZ2E,MNE,9
B004D1GZ2E,MNG,11
B004D1GZ2E,MNP,13
B004D1GZ2E,MOZ,5
B004D1GZ2E,MRT,14
B004D1GZ2E,MSR,9
B004D1GZ2E,MTQ,8
B004D1GZ2E,MUS,5
B004D1GZ2E,MWI,3
B004D1GZ2E,MYS,7
B004D1GZ2E,MYT,6
B004D1GZ2E,NAM,6
B004D1GZ2E,NCL,11
B004D1GZ2E,NER,8
B004D1GZ2E,NFK,5
B004D1GZ2E,NGA,7
B004D1GZ2E,NIC,10
B004D1GZ2E,NIU,8
B004D1GZ2E,NLD,6
B004D1GZ2E,NOR,6
B004D1GZ2E,NPL,7
B004D1GZ2E,NRU,8
B004D1GZ2E,NZL,10
B004D1GZ2E,OMN,7
B004D1GZ2E,PAK,9
B004D1GZ2E,PAN,7
B004D1GZ2E,PCN,4
B004D1GZ2E,PER,8
B004D1GZ2E,PHL,5
B004D1GZ2E,PLW,7
B004D1GZ2E,PNG,9
B004D1GZ2E,POL,8
B004D1GZ2E,PRI,6
B004D1GZ2E,PRK,10
B004D1GZ2E,PRT,18
B004D1GZ2E,PRY,13
B004D1GZ2E,PSE,8
B004D1GZ2E,PYF,7
B004D1GZ2E,QAT,10
B004D1GZ2E,REU,9
B004D1GZ2E,ROU,7
B004D1GZ2E,RUS,9
B004D1GZ2E,RWA,10
B004D1GZ2E,SAU,7
B004D1GZ2E,SDN,10
B004D1GZ2E,SEN,13
B004D1GZ2E,SGP,7
B004D1GZ2E,SHN,5
B004D1GZ2E,SJM,10
B004D1GZ2E,SLB,10
B004D1GZ2E,SLE,9
B004D1GZ2E,SLV,6
B004D1GZ2E,SMR,5
B004D1GZ2E,SOM,3
B004D1GZ2E,SPM,11
B004D1GZ2E,SRB,11
B004D1GZ2E,STP,8
B004D1GZ2E,SUR,10
B004D1GZ2E,SVK,7
B004D1GZ2E,SVN,4
B004D1GZ2E,SWE,10
B004D1GZ2E,SWZ,3
B004D1GZ2E,SYC,10
B004D1GZ2E,SYR,5
B004D1GZ2E,TCA,15
B004D1GZ2E,TCD,5
B004D1GZ2E,TGO,6
B004D1GZ2E,THA,6
B004D1GZ2E,TJK,11
B004D1GZ2E,TKL,13
B004D1GZ2E,TKM,6
B004D1GZ2E,TLS,5
B004D1GZ2E,TON,11
B004D1GZ2E,TTO,5
B004D1GZ2E,TUN,9
B004D1GZ2E,TUR,9
B004D1GZ2E,TUV,9
B004D1GZ2E,TZA,12
B004D1GZ2E,UGA,5
B004D1GZ2E,UKR,13
B004D1GZ2E,URY,12
B004D1GZ2E,USA,12
B004D1GZ2E,UZB,11
B004D1GZ2E,VAT,8
B004D1GZ2E,VCT,8
B004D1GZ2E,VEN,10
B004D1GZ2E,VGB,8
B004D1GZ2E,VIR,9
B004D1GZ2E,VNM,4
B004D1GZ2E,VUT,13
B004D1GZ2E,WLF,8
B004D1GZ2E,WSM,9
B004D1GZ2E,YEM,9
B004D1GZ2E,ZAF,8
B004D1GZ2E,ZMB,9
B004D1GZ2E,ZWE,7
B004K4AUZW,ABW,7
B004K4AUZW,AFG,5
B004K4AUZW,AGO,4
B004K4AUZW,AIA,4
B004K4AUZW,ALA,4
B004K4AUZW,ALB,7
B004K4AUZW,AND,7
B004K4AUZW,ANT,10
B004K4AUZW,ARE,7
B004K4AUZW,ARG,10
B004K4AUZW,ARM,5
B004K4AUZW,ASM,8
B004K4AUZW,ATG,6
B004K4AUZW,AUS,6
B004K4AUZW,AUT,8
B004K4AUZW,AZE,8
B004K4AUZW,BDI,5
B004K4AUZW,BEL,6
B004K4AUZW,BEN,4
B004K4AUZW,BFA,10
B004K4AUZW,BGD,6
B004K4AUZW,BGR,9
B004K4AUZW,BHR,8
B004K4AUZW,BHS,9
B004K4AUZW,BIH,12
B004K4AUZW,BLM,7
B004K4AUZW,BLR,6
B004K4AUZW,BLZ,7
B004K4AUZW,BMU,9
B004K4AUZW,BOL,6
B004K4AUZW,BRA,12
B004K4AUZW,BRB,6
B004K4AUZW,BRN,4
B004K4AUZW,BTN,4
B004K4AUZW,BWA,7
B004K4AUZW,CAF,7
B004K4AUZW,CAN,4
B004K4AUZW,CHE,6
B004K4AUZW,CHL,6
B004K4AUZW,CHN,4
B004K4AUZW,CIV,5
B004K4AUZW,CMR,7
B004K4AUZW,COD,8
B004K4AUZW,COG,6
B004K4AUZW,COK,8
B004K4AUZW,COL,5
B004K4AUZW,COM,6
B004K4AUZW,CPV,8
B004K4AUZW,CRI,7
B004K4AUZW,CUB,6
B004K4AUZW,CYM,11
B004K4AUZW,CYP,3
B004K4AUZW,CZE,7
B004K4AUZW,DEU,5
B004K4AUZW,DJI,13
B004K4AUZW,DMA,5
B004K4AUZW,DNK,8
B004K4AUZW,DOM,7
B004K4AUZW,DZA,6
B004K4AUZW,ECU,5
B004K4AUZW,EGY,8
B004K4AUZW,ERI,7
B004K4AUZW,ESH,8
B004K4AUZW,ESP,3
B004K4AUZW,EST,8
B004K4AUZW,ETH,3
B004K4AUZW,FIN,5
B004K4AUZW,FJI,9
B004K4AUZW,FLK,5
B004K4AUZW,FRA,4
B004K4AUZW,FRO,4
B004K4AUZW,FSM,3
B004K4AUZW,GAB,11
B004K4AUZW,GBR,12
B004K4AUZW,GEO,3
B004K4AUZW,GGY,3
B004K4AUZW,GHA,4
B004K4AUZW,GIB,8
B004K4AUZW,GIN,8
B004K4AUZW,GLP,2
B004K4AUZW,GMB,6
B004K4AUZW,GNB,5
B004K4AUZW,GNQ,9
B004K4AUZW,GRC,1
B004K4AUZW,GRD,4
B004K4AUZW,GRL,4
B004K4AUZW,GTM,4
B004K4AUZW,GUF,6
B004K4AUZW,GUM,2
B004K4AUZW,GUY,13
B004K4AUZW,HKG,13
B004K4AUZW,HND,7
B004K4AUZW,HRV,11
B004K4AUZW,HTI,4
B004K4AUZW,HUN,7
B004K4AUZW,IDN,5
B004K4AUZW,IMN,4
B004K4AUZW,IND,6
B004K4AUZW,IRL,4
B004K4AUZW,IRN,5
B004K4AUZW,IRQ,5
B004K4AUZW,ISL,5
B004K4AUZW,ISR,6
B004K4AUZW,ITA,6
B004K4AUZW,JAM,7
B004K4AUZW,JEY,6
B004K4AUZW,JOR,6
B004K4AUZW,JPN,6
B004K4AUZW,KAZ,8
B004K4AUZW,KEN,7
B004K4AUZW,KGZ,3
B004K4AUZW,KHM,9
B004K4AUZW,KIR,8
B004K4AUZW,KNA,6
B004K4AUZW,KOR,5
B004K4AUZW,KWT,8
B004K4AUZW,LAO,9
B004K4AUZW,LBN,7
B004K4AUZW,LBR,6
B004K4AUZW,LBY,7
B004K4AUZW,LCA,13
B004K4AUZW,LIE,7
B004K4AUZW,LKA,2
B004K4AUZW,LSO,3
B004K4AUZW,LTU,5
B004K4AUZW,LUX,6
B004K4AUZW,LVA,6
B004K4AUZW,MAC,8
B004K4AUZW,MAF,3
B004K4AUZW,MAR,8
B004K4AUZW,MCO,4
B004K4AUZW,MDA,7
B004K4AUZW,MDG,8
B004K4AUZW,MDV,6
B004K4AUZW,MEX,1
B004K4AUZW,MHL,7
B004K4AUZW,MKD,9
B004K4AUZW,MLI,7
B004K4AUZW,MMR,5
B004K4AUZW,MNE,4
B004K4AUZW,MNG,8
B004K4AUZW,MNP,11
B004K4AUZW,MOZ,4
B004K4AUZW,MRT,10
B004K4AUZW,MSR,4
B004K4AUZW,MTQ,9
B004K4AUZW,MUS,5
B004K4AUZW,MWI,7
B004K4AUZW,MYS,5
B004K4AUZW,MYT,6
B004K4AUZW,NAM,3
B004K4AUZW,NCL,9
B004K4AUZW,NER,9
B004K4AUZW,NFK,9
B004K4AUZW,NGA,6
B004K4AUZW,NIC,10
B004K4AUZW,NIU,6
B004K4AUZW,NLD,9
B004K4AUZW,NOR,9
B004K4AUZW,NPL,11
B004K4AUZW,NRU,6
B004K4AUZW,NZL,6
B004K4AUZW,PAK,5
B004K4AUZW,PAN,6
B004K4AUZW,PCN,1
B004K4AUZW,PER,8
B004K4AUZW,PHL,10
B004K4AUZW,PLW,10
B004K4AUZW,PNG,3
B004K4AUZW,POL,5
B004K4AUZW,PRI,9
B004K4AUZW,PRK,5
B004K4AUZW,PRT,6
B004K4AUZW,PRY,7
B004K4AUZW,PSE,13
B004K4AUZW,PYF,10
B004K4AUZW,QAT,4
B004K4AUZW,REU,9
B004K4AUZW,ROU,3
B004K4AUZW,RUS,2
B004K4AUZW,RWA,5
B004K4AUZW,SAU,5
B004K4AUZW,SDN,7
B004K4AUZW,SEN,7
B004K4AUZW,SGP,6
B004K4AUZW,SHN,6
B004K4AUZW,SJM,4
B004K4AUZW,SLB,5
B004K4AUZW,SLE,6
B004K4AUZW,SLV,6
B004K4AUZW,SMR,3
B004K4AUZW,SOM,5
B004K4AUZW,SPM,8
B004K4AUZW,SRB,3
B004K4AUZW,STP,9
B004K4AUZW,SUR,11
B004K4AUZW,SVK,6
B004K4AUZW,SVN,5
B004K4AUZW,SWE,7
B004K4AUZW,SWZ,8
B004K4AUZW,SYC,5
B004K4AUZW,SYR,6
B004K4AUZW,TCA,9
B004K4AUZW,TCD,8
B004K4AUZW,TGO,7
B004K4AUZW,THA,9
B004K4AUZW,TJK,8
B004K4AUZW,TKL,4
B004K4AUZW,TKM,6
B004K4AUZW,TLS,7
B004K4AUZW,TON,11
B004K4AUZW,TTO,3
B004K4AUZW,TUN,5
B004K4AUZW,TUR,9
B004K4AUZW,TUV,6
B004K4AUZW,TZA,11
B004K4AUZW,UGA,10
B004K4AUZW,UKR,4
B004K4AUZW,URY,3
B004K4AUZW,USA,4
B004K4AUZW,UZB,6
B004K4AUZW,VAT,4
B004K4AUZW,VCT,4
B004K4AUZW,VEN,8
B004K4AUZW,VGB,7
B004K4AUZW,VIR,5
B004K4AUZW,VNM,10
B004K4AUZW,VUT,5
B004K4AUZW,WLF,5
B004K4AUZW,WSM,6
B004K4AUZW,YEM,12
B004K4AUZW,ZAF,10
B004K4AUZW,ZMB,10
B004K4AUZW,ZWE,7
B0075MFS9Y,ABW,2
B0075MFS9Y,AFG,5
B0075MFS9Y,AGO,1
B0075MFS9Y,AIA,6
B0075MFS9Y,ALA,6
B0075MFS9Y,ALB,2
B0075MFS9Y,AND,2
B0075MFS9Y,ANT,5
B0075MFS9Y,ARE,2
B0075MFS9Y,ARG,1
B0075MFS9Y,ARM,7
B0075MFS9Y,ASM,4
B0075MFS9Y,ATG,5
B0075MFS9Y,AUS,5
B0075MFS9Y,AUT,2
B0075MFS9Y,AZE,4
B0075MFS9Y,BDI,5
B0075MFS9Y,BEL,4
B0075MFS9Y,BEN,6
B0075MFS9Y,BFA,7
B0075MFS9Y,BGD,6
B0075MFS9Y,BGR,5
B0075MFS9Y,BHR,5
B0075MFS9Y,BHS,3
B0075MFS9Y,BIH,2
B0075MFS9Y,BLM,6
B0075MFS9Y,BLR,2
B0075MFS9Y,BLZ,3
B0075MFS9Y,BMU,3
B0075MFS9Y,BOL,2
B0075MFS9Y,BRA,5
B0075MFS9Y,BRN,4
B0075MFS9Y,BTN,3
B0075MFS9Y,CAF,4
B0075MFS9Y,CAN,3
B0075MFS9Y,CHE,7
B0075MFS9Y,CHL,5
B0075MFS9Y,CHN,4
B0075MFS9Y,CIV,1
B0075MFS9Y,CMR,6
B0075MFS9Y,COD,3
B0075MFS9Y,COG,3
B0075MFS9Y,COK,3
B0075MFS9Y,COL,8
B0075MFS9Y,COM,4
B0075MFS9Y,CPV,4
B0075MFS9Y,CRI,5
B0075MFS9Y,CUB,5
B0075MFS9Y,CYM,1
B0075MFS9Y,CYP,3
B0075MFS9Y,CZE,2
B0075MFS9Y,DEU,5
B0075MFS9Y,DJI,4
B0075MFS9Y,DMA,4
B0075MFS9Y,DNK,3
B0075MFS9Y,DOM,5
B0075MFS9Y,DZA,4
B0075MFS9Y,ECU,6
B0075MFS9Y,EGY,5
B0075MFS9Y,ERI,8
B0075MFS9Y,ESH,7
B0075MFS9Y,ESP,3
B0075MFS9Y,EST,4
B0075MFS9Y,ETH,3
B0075MFS9Y,FIN,1
B0075MFS9Y,FJI,4
B0075MFS9Y,FLK,3
B0075MFS9Y,FRA,3
B0075MFS9Y,FRO,9
B0075MFS9Y,FSM,5
B0075MFS9Y,GAB,3
B0075MFS9Y,GBR,4
B0075MFS9Y,GEO,2
B0075MFS9Y,GGY,2
B0075MFS9Y,GHA,3
B0075MFS9Y,GIB,6
B0075MFS9Y,GIN,5
B0075MFS9Y,GLP,4
B0075MFS9Y,GMB,4
B0075MFS9Y,GNB,3
B0075MFS9Y,GNQ,2
B0075MFS9Y,GRC,4
B0075MFS9Y,GRD,5
B0075MFS9Y,GRL,7
B0075MFS9Y,GTM,6
B0075MFS9Y,GUF,6
B0075MFS9Y,GUM,5
B0075MFS9Y,GUY,5
B0075MFS9Y,HKG,6
B0075MFS9Y,HND,5
B0075MFS9Y,HRV,8
B0075MFS9Y,HTI,4
B0075MFS9Y,HUN,4
B0075MFS9Y,IDN,3
B0075MFS9Y,IMN,2
B0075MFS9Y,IRL,7
B0075MFS9Y,IRN,3
B0075MFS9Y,IRQ,4
B0075MFS9Y,ISL,3
B0075MFS9Y,ISR,2
B0075MFS9Y,ITA,1
B0075MFS9Y,JAM,4
B0075MFS9Y,JEY,3
B0075MFS9Y,JOR,5
B0075MFS9Y,JPN,6
B0075MFS9Y,KAZ,7
B0075MFS9Y,KEN,5
B0075MFS9Y,KGZ,4
B0075MFS9Y,KHM,6
B0075MFS9Y,KIR,3
B0075MFS9Y,KNA,2
B0075MFS9Y,KWT,4
B0075MFS9Y,LAO,5
B0075MFS9Y,LBN,1
B0075MFS9Y,LBY,2
B0075MFS9Y,LCA,1
B0075MFS9Y,LIE,1
B0075MFS9Y,LKA,5
B0075MFS9Y,LSO,3
B0075MFS9Y,LTU,2
B0075MFS9Y,LUX,2
B0075MFS9Y,LVA,2
B0075MFS9Y,MAC,8
B0075MFS9Y,MAF,3
B0075MFS9Y,MAR,2
B0075MFS9Y,MCO,6
B0075MFS9Y,MDA,5
B0075MFS9Y,MDG,4
B0075MFS9Y,MDV,6
B0075MFS9Y,MEX,4
B0075MFS9Y,MHL,3
B0075MFS9Y,MKD,6
B0075MFS9Y,MLI,3
B0075MFS9Y,MLT,3
B0075MFS9Y,MMR,4
B0075MFS9Y,MNE,5
B0075MFS9Y,MNG,3
B0075MFS9Y,MNP,4
B0075MFS9Y,MOZ,4
B0075MFS9Y,MRT,1
B0075MFS9Y,MSR,6
B0075MFS9Y,MTQ,2
B0075MFS9Y,MUS,3
B0075MFS9Y,MWI,6
B0075MFS9Y,MYS,4
B0075MFS9Y,MYT,4
B0075MFS9Y,NAM,10
B0075MFS9Y,NCL,3
B0075MFS9Y,NER,3
B0075MFS9Y,NFK,1
B0075MFS9Y,NGA,3
B0075MFS9Y,NIC,3
B0075MFS9Y,NLD,4
B0075MFS9Y,NOR,3
B0075MFS9Y,NPL,5
B0075MFS9Y,NRU,2
B0075MFS9Y,NZL,1
B0075MFS9Y,PAK,3
B0075MFS9Y,PAN,2
B0075MFS9Y,PCN,6
B0075MFS9Y,PER,3
B0075MFS9Y,PHL,8
B0075MFS9Y,PLW,6
B0075MFS9Y,PNG,3
B0075MFS9Y,POL,4
B0075MFS9Y,PRI,7
B0075MFS9Y,PRK,2
B0075MFS9Y,PRT,8
B0075MFS9Y,PRY,2
B0075MFS9Y,PSE,4
B0075MFS9Y,PYF,2
B0075MFS9Y,QAT,1
B0075MFS9Y,REU,1
B0075MFS9Y,ROU,5
B0075MFS9Y,RUS,4
B0075MFS9Y,RWA,3
B0075MFS9Y,SAU,2
B0075MFS9Y,SDN,2
B0075MFS9Y,SEN,4
B0075MFS9Y,SGP,1
B0075MFS9Y,SHN,3
B0075MFS9Y,SJM,8
B0075MFS9Y,SLB,2
B0075MFS9Y,SLE,7
B0075MFS9Y,SLV,10
B0075MFS9Y,SMR,3
B0075MFS9Y,SOM,1
B0075MFS9Y,SRB,5
B0075MFS9Y,STP,5
B0075MFS9Y,SUR,1
B0075MFS9Y,SVK,3
B0075MFS9Y,SVN,6
B0075MFS9Y,SWE,1
B0075MFS9Y,SWZ,3
B0075MFS9Y,SYC,7
B0075MFS9Y,SYR,2
B0075MFS9Y,TCA,8
B0075MFS9Y,TCD,2
B0075MFS9Y,TGO,4
B0075MFS9Y,THA,3
B0075MFS9Y,TJK,8
B0075MFS9Y,TKL,3
B0075MFS9Y,TKM,3
B0075MFS9Y,TLS,4
B0075MFS9Y,TON,3
B0075MFS9Y,TTO,3
B0075MFS9Y,TUN,4
B0075MFS9Y,TUR,6
B0075MFS9Y,TUV,7
B0075MFS9Y,TZA,1
B0075MFS9Y,UGA,2
B0075MFS9Y,UKR,2
B0075MFS9Y,URY,3
B0075MFS9Y,USA,6
B0075MFS9Y,UZB,1
B0075MFS9Y,VAT,4
B0075MFS9Y,VCT,2
B0075MFS9Y,VEN,10
B0075MFS9Y,VGB,2
B0075MFS9Y,VIR,4
B0075MFS9Y,VNM,4
B0075MFS9Y,VUT,6
B0075MFS9Y,WLF,7
B0075MFS9Y,WSM,5
B0075MFS9Y,YEM,2
B0075MFS9Y,ZAF,2
B0075MFS9Y,ZMB,2
B0075MFS9Y,ZWE,3
B008K9SG9K,ABW,8
B008K9SG9K,AFG,4
B008K9SG9K,AGO,11
B008K9SG9K,AIA,7
B008K9SG9K,ALA,7
B008K9SG9K,ALB,6
B008K9SG9K,AND,4
B008K9SG9K,ANT,6
B008K9SG9K,ARE,8
B008K9SG9K,ARG,5
B008K9SG9K,ARM,2
B008K9SG9K,ASM,6
B008K9SG9K,ATG,5
B008K9SG9K,AUS,3
B008K9SG9K,AUT,1
B008K9SG9K,AZE,2
B008K9SG9K,BDI,2
B008K9SG9K,BEL,5
B008K9SG9K,BEN,4
B008K9SG9K,BFA,7
B008K9SG9K,BGD,3
B008K9SG9K,BGR,7
B008K9SG9K,BHR,8
B008K9SG9K,BHS,5
B008K9SG9K,BIH,8
B008K9SG9K,BLM,10
B008K9SG9K,BLR,3
B008K9SG9K,BLZ,2
B008K9SG9K,BMU,3
B008K9SG9K,BOL,2
B008K9SG9K,BRA,5
B008K9SG9K,BRB,5
B008K9SG9K,BRN,3
B008K9SG9K,BTN,5
B008K9SG9K,BWA,5
B008K9SG9K,CAF,5
B008K9SG9K,CAN,5
B008K9SG9K,CHE,2
B008K9SG9K,CHL,7
B008K9SG9K,CHN,6
B008K9SG9K,CIV,10
B008K9SG9K,CMR,10
B008K9SG9K,COD,4
B008K9SG9K,COG,7
B008K9SG9K,COK,4
B008K9SG9K,COL,6
B008K9SG9K,COM,4
B008K9SG9K,CPV,9
B008K9SG9K,CRI,4
B008K9SG9K,CUB,9
B008K9SG9K,CYM,8
B008K9SG9K,CYP,9
B008K9SG9K,CZE,7
B008K9SG9K,DEU,5
B008K9SG9K,DJI,10
B008K9SG9K,DMA,4
B008K9SG9K,DNK,8
B008K9SG9K,DOM,6
B008K9SG9K,DZA,11
B008K9SG9K,ECU,4
B008K9SG9K,EGY,7
B008K9SG9K,ERI,5
B008K9SG9K,ESH,8
B008K9SG9K,ESP,5
B008K9SG9K,EST,3
B008K9SG9K,ETH,3
B008K9SG9K,FIN,4
B008K9SG9K,FJI,4
B008K9SG9K,FLK,5
B008K9SG9K,FRA,6
B008K9SG9K,FRO,8
B008K9SG9K,FSM,8
B008K9SG9K,GAB,7
B008K9SG9K,GBR,7
B008K9SG9K,GEO,3
B008K9SG9K,GGY,9
B008K9SG9K,GHA,11
B008K9SG9K,GIB,6
B008K9SG9K,GIN,3
B008K9SG9K,GLP,4
B008K9SG9K,GMB,3
B008K9SG9K,GNB,2
B008K9SG9K,GNQ,5
B008K9SG9K,GRC,9
B008K9SG9K,GRD,7
B008K9SG9K,GRL,3
B008K9SG9K,GTM,5
B008K9SG9K,GUF,2
B008K9SG9K,GUM,4
B008K9SG9K,GUY,7
B008K9SG9K,HKG,6
B008K9SG9K,HND,9
B008K9SG9K,HRV,8
B008K9SG9K,HTI,6
B008K9SG9K,HUN,6
B008K9SG9K,IDN,5
B008K9SG9K,IMN,6
B008K9SG9K,IND,7
B008K9SG9K,IRL,4
B008K9SG9K,IRN,7
B008K9SG9K,IRQ,4
B008K9SG9K,ISL,6
B008K9SG9K,ISR,11
B008K9SG9K,ITA,5
B008K9SG9K,JAM,5
B008K9SG9K,JEY,5
B008K9SG9K,JOR,4
B008K9SG9K,JPN,3
B008K9SG9K,KAZ,4
B008K9SG9K,KEN,3
B008K9SG9K,KGZ,9
B008K9SG9K,KHM,5
B008K9SG9K,KIR,5
B008K9SG9K,KNA,5
B008K9SG9K,KOR,6
B008K9SG9K,KWT,1
B008K9SG9K,LAO,6
B008K9SG9K,LBN,4
B008K9SG9K,LBR,7
B008K9SG9K,LBY,5
B008K9SG9K,LCA,4
B008K9SG9K,LIE,6
B008K9SG9K,LKA,4
B008K9SG9K,LSO,3
B008K9SG9K,LTU,2
B008K9SG9K,LUX,4
B008K9SG9K,LVA,6
B008K9SG9K,MAC,6
B008K9SG9K,MAF,5
B008K9SG9K,MAR,7
B008K9SG9K,MCO,6
B008K9SG9K,MDA,4
B008K9SG9K,MDG,3
B008K9SG9K,MDV,7
B008K9SG9K,MEX,5
B008K9SG9K,MHL,5
B008K9SG9K,MKD,6
B008K9SG9K,MLI,6
B008K9SG9K,MLT,5
B008K9SG9K,MMR,5
B008K9SG9K,MNE,5
B008K9SG9K,MNG,4
B008K9SG9K,MNP,2
B008K9SG9K,MOZ,3
B008K9SG9K,MRT,5
B008K9SG9K,MSR,8
B008K9SG9K,MTQ,4
B008K9SG9K,MUS,7
B008K9SG9K,MWI,2
B008K9SG9K,MYS,8
B008K9SG9K,MYT,9
B008K9SG9K,NAM,4
B008K9SG9K,NCL,10
B008K9SG9K,NER,5
B008K9SG9K,NFK,2
B008K9SG9K,NGA,4
B008K9SG9K,NIC,3
B008K9SG9K,NIU,8
B008K9SG9K,NLD,2
B008K9SG9K,NOR,4
B008K9SG9K,NPL,6
B008K9SG9K,NRU,10
B008K9SG9K,NZL,5
B008K9SG9K,OMN,5
B008K9SG9K,PAK,4
B008K9SG9K,PAN,7
B008K9SG9K,PCN,2
B008K9SG9K,PER,4
B008K9SG9K,PHL,9
B008K9SG9K,PLW,4
B008K9SG9K,PNG,5
B008K9SG9K,POL,7
B008K9SG9K,PRI,6
B008K9SG9K,PRK,3
B008K9SG9K,PRT,6
B008K9SG9K,PRY,7
B008K9SG9K,PSE,3
B008K9SG9K,PYF,1
B008K9SG9K,QAT,4
B008K9SG9K,REU,10
B008K9SG9K,ROU,4
B008K9SG9K,RUS,7
B008K9SG9K,RWA,4
B008K9SG9K,SAU,3
B008K9SG9K,SDN,4
B008K9SG9K,SEN,3
B008K9SG9K,SGP,7
B008K9SG9K,SHN,3
B008K9SG9K,SJM,2
B008K9SG9K,SLB,10
B008K9SG9K,SLE,3
B008K9SG9K,SLV,3
B008K9SG9K,SMR,9
B008K9SG9K,SOM,4
B008K9SG9K,SPM,3
B008K9SG9K,SRB,2
B008K9SG9K,STP,5
B008K9SG9K,SUR,4
B008K9SG9K,SVK,6
B008K9SG9K,SVN,5
B008K9SG9K,SWE,7
B008K9SG9K,SWZ,7
B008K9SG9K,SYC,2
B008K9SG9K,SYR,6
B008K9SG9K,TCD,9
B008K9SG9K,TGO,6
B008K9SG9K,THA,8
B008K9SG9K,TJK,4
B008K9SG9K,TKL,7
B008K9SG9K,TKM,8
B008K9SG9K,TLS,4
B008K9SG9K,TON,4
B008K9SG9K,TTO,6
B008K9SG9K,TUN,9
B008K9SG9K,TUR,7
B008K9SG9K,TUV,7
B008K9SG9K,TZA,8
B008K9SG9K,UGA,5
B008K9SG9K,UKR,4
B008K9SG9K,URY,7
B008K9SG9K,USA,3
B008K9SG9K,UZB,9
B008K9SG9K,VAT,9
B008K9SG9K,VCT,7
B008K9SG9K,VEN,6
B008K9SG9K,VGB,9
B008K9SG9K,VIR,7
B008K9SG9K,VNM,6
B008K9SG9K,VUT,6
B008K9SG9K,WLF,5
B008K9SG9K,WSM,6
B008K9SG9K,YEM,5
B008K9SG9K,ZAF,3
B008K9SG9K,ZMB,6
B008K9SG9K,ZWE,11
